Checklist	ERT000029	Single CDS genomic DNA								
ORGANISM	ENVSAM	GENE	PRODUCT	TRANSLTABLE	5CDS	3CDS	5PARTIAL	3PARTIAL	SEQUENCE	CODONSTART
#units	 	 	 	 	 	 	 	 	 	
Linum perenne	na	LtTSS1	protein	1	4	135	Yes	Yes	NNNGAACATTCTACAAAGCCTCTTACTGGCAAGCGTCTCTCTCCATTTTCCCGTGCTANNNNNNAAAGCGACAGTAGCACACTTGAAGAAAGTGGCTGGACTGGGTACTTTGACGATCTTGTTTCTAGCAACAGTNNNNNNNNNNNNNNNNNNNNNNNNNNNNNNNNNNNNNNNNNNNNNNNNNNNNNNNNNNNNNNNNNNNNNNNNNNNNNNNNNNNNNNNNNNNNNNNNNNNNNNNNNNNNNNNNNNNNNNNNNNNNNNNNNNNNNNNNNNNNNNNNNNNNNNNNNNNNNNNNNNNNNNNNNNNNNNNNNNNNNNNNNNNNNNNNNNNNNNNNNNNNNNNNNNNNNNNNNNNNNNNNNNNNNNNNNNNNNNNNNNNNNNNNNNNNNNNNNNNNNNNNNNNNNNNNNNNNNNNNNNNNNNNNNNNNNNNNNNNNNNNNNNNNN	1
Linum tauricum	na	LtTSS1	protein	1	85	381	Yes	Yes	NNNNNNNNNNNNNNNNNNNNNNNNNNNNNNNNNNNNNNNNNNNNNNNNNNNNNNNNNNNNNNNNNNNNNNNNNNNNNNNNNNNNGAAGAGAGTGGCTGGACTGCGTACTTCGATGATTTATACGCCAGCTATAATTACAGTNNNGAATATNNNCGCTCATTGTCTATTGATAGCCGTCAGTGTCAGAGCTCTTCCCTACTGTCCGACGCTGCGTCCGTCGTTGCCAATGAGACTCCGAAGAATCTTGAATTGACTTCAGAAAGCGTGAAAAGAATGAACTTCAAGAAGAGAAGAGCTACAGAAGCTTCGGTTGAGCATGAGGGAATTGAAGACACTGCTAGTTCTCTTCATCAAAATAGAGATGATTCTGCTAGTTCCAATNNNNNNNNNNNNNNNNNNNNNNNNNNNNNNNNNNNNNNNNNNNNNNNNNNNNNNNNNNNNNNN	1
Linum capitatum	na	LtTSS1	protein	1	85	345	Yes	Yes	NNNNNNNNNNNNNNNNNNNNNNNNNNNNNNNNNNNNNNNNNNNNNNNNNNNNNNNNNNNNNNNNNNNNNNNNNNNNNNNNNNNNGAAGAGAGTGGCTGGACTGCGTACTTCGATGATTTATACGCCAGCTATAATTACAGTNNNGAATATNNNCGCTCATTGTCTATTGATAGCCGTCAGTGTCAGAGCTCTTCCCTACTGTCCGACGCTGCGTCCGTCGTTGCCAATGAGACTCCGAAGAATCTTGAATTGACTTCAGAAAGCGTGAAAAGAATGAACTTCAAGAAGAGAAGAGCTACAGAAGCTTCGGTTGAGCATGAGGGAATTGAAGACACTGCTAGTTCTNNNNNNNNNNNNNNNNNNNNNNNNNNNNNNNNNNNNNNNNNNNNNNNNNNNNNNNNNNNNNNNNNNNNNNNNNNNNNNNNNNNNNNNNNNNNNNNNNNN	1
Linum flavum	na	LtTSS1	protein	1	1	381	No	Yes	ATGGATAGCTCGGCTAAGCCTGTGACCGGCAAGCGTCTCACTTCCCATTCCCGCGACATGGAAAAGAATTTCAGTAGCGCTAATGAAGAGAGTGGCTGGACTGCGTACTTCGATGATTTATACGCCAGCTATAATTACAGTNNNGAATATNNNCGCTCATTGTCTATTGATAGCCGTCAGTGTCAGAGCTCTTCCCTACTGTCCGACGCTGCGTCCGTCGTTGCCAATGAGACTCCGAAGAATCTTGAATTGACTTCAGAAAGCGTGAAAAGAATGAACTTCAAGAAGAGAAGAGCTACAGAAGCTTCGGTTGAGCATGAGGGAATTGAAGACACTGCTAGTTCTCTTCATCAAAATAGAGATGATTCTGCTAGTTCCAATNNNNNNNNNNNNNNNNNNNNNNNNNNNNNNNNNNNNNNNNNNNNNNNNNNNNNNNNNNNNNNN	1
Linum suffruticosum	na	LtTSS1	protein	1	1	381	No	Yes	ATGGAAAGCTCGCGTAATCCTATGACCTGCAAGCGTCTCACTTCCTATTCCCGTGACAGGAAACAAAATGTCAGTGGTGCAAATGAAGAGAGTGGCTGGACTGCATACTTCGACGATCTCTACGCCAGCTATAACTATAGTNNNGAATGTNNNGGGTCATTGTCTTTCGAAAACGGTCAGTGTCAGAGCTCTTCCCTCTTGTCCGACGCTGCATCCTTGGCCGCCCATGAGACTCCGAAGAAGCTTGAATTGACTTCAGAAAGCGTAAAAATACTGAATTTCAAGAAAAGAAGAACTACAGAAGTATTGGTTGACGAGGAGGGAATTGAAGATACTGCTAGTTCTCTTCGTCAAAATAAAGATGATACTGCTAGTTCAAATNNNNNNNNNNNNNNNNNNNNNNNNNNNNNNNNNNNNNNNNNNNNNNNNNNNNNNNNNNNNNNN	1
Linum tenue	na	LtTSS1	protein	1	1	444	No	No	ATGGAAAGGTCGACTAAGTCTGTGACCGGCAAGCGCCTCACTTCCTGTTCCCGTGATACGGAAAGAAATGTCAGTGGCGCCAATGAAGAGAGTGGCTGGACTGCATATTTCGACGATCTTTACAGCAGCTACAATTACAGTNNNGAATATNNNATGTCTTTGTCTGTCGGTAAGCATCAGTGTCGGAGCTCTTCCCTATTATCCGACGCTGCATCCGTAGTCGGTAATAAGACTCCGAAGAAGCTGGATTCGGCTTCAGAAAACGTTAAAAGACAGAATTTCAAGAAGAGAAGAACTGCAAAATCTTTGGTTGACGATGAGGGGATTGAAGATACGGCTAGCTCTCTTCATCGGAATAATGATGATACTGCTAGTTCTATTAATATAAACAGTTCCATGGTTAGGAACGACATTTGCCGCTTTCCCCGATTCTACTTCCACTGA	1
Linum grandiflorum	na	LtTSS1	protein	1	4	441	Yes	Yes	NNNCAAAACTCTATGAAGCCTGTTACTGGCAAGCGTCTCTCTTCAATTTCCAGATCCANNNNNNAAAGCGACAGTAGCACGATTGAAGAAAGTGGTTGGACAGGGTACTTTGACGATCTTGTTGCAAGCAACAGTAATAATAAAGAAGACACCAGATCTCTTTCTTATGATAAACGAGAGAGTCAGAGTTCTTACATAATCTCCGATGCTGCATCTGTGGCAGCCAATGAACCAGAAAAGAAGGATAAATCTAAGTCAGATATCCATGAAAAACGTATATTCAAGAGAAGCAGACGTAGAAGATCTTTGGTTGGCGATGATGTCCTTGAAGATACTGCGAGTTCTGATAATGGTAACAATTCCATGGTTGGTAACCATGATTCCTTNNNNNNNNNNNNNNNNNNNNNNNNCGTTCCTACCTTTCGATCTATTCAATTTTCANNN	1
Linum narbonense	na	LtTSS1	protein	1	4	438	Yes	Yes	NNNGAAAACTCTATGAAGCCTNNNNNNGGCAAGCGTCTCTCTTCAATTTCCTGTGCCANNNNNNAAAGCGACAGTAGCACGATTGAAGAAAGTGGCTGGACAACGTACTTTGACGATCTTTTCGCAAGCAACAGTAATAAANNNGAAGATACCAGATCTCTTTCTCATGATAAAAGAGAGAGTCAGAGTTCTTACATAGTCTCCGATGCTGCATCTGTGGCAGCGATTGAACCAGAAAAGAAGGATAAATCTAAGTCAGATATCCATGAAAGACTTATATTCAAGAGGAGAAAAATTANNNGATCTTTGGTCGGCGATGATGTCCTTGAAGATACCGCCAGTTCTGACAGCGTTAACAACTCCATGGTTGGTAACCATGATTCCTTNNNNNNNNNNNNNNNNNNNNNNNNTGTTCCTGCCTTACGCCCTATTAAATTTNNNNNN	1
Linum perenne	na	LtWDR44	protein	1	61	1680	Yes	Yes	NNNNNNNNNNNNNNNNNNNNNNNNNNNNNNNNNNNNNNNNNNNNNNNNNNNNNNNNNNNNGAAGATGAGCGATTCTACGAGTCACTCGATTGTATTGGTACCTCCCTATGCTCTTCCTCTACTTCTGATTCGGATACAGATACCGAACTTCTCCCAACGATGTCCTGGCCGAGTCCAAATTCGGAGTTCCCGTCTTCTGTTCATGGTTCTCAATTTAGTATTTCGAACTACGACATTTGGGTCTCCGAACCAACCTCTGTATCCGAGCGACGTAACCATCTCCTTCAACAAATGGGCCTCTGCTCGGCGACATCCTTCTTCTGCCCACAGGAACCTCAAACGGATGTCAACTTCAGGCGATCAGTCTGTTGCGGCCATTTTGCAACACAACGATTGNNNGGTTTAAAGACTGAAGGAATTACTGGAACAAATGCTGATGGCACACCCGACGGTTTTAGTAACATGTGCAAAGACGATATGCATTANNNTTGTTCTTCTTCATCTTCTTATTCCTCTTTGGTATTAGTTTGTTCTCCAGAAAATTTTTCGGGCCATTCAGTTAATAAAAATAGATGGAACTGCAAAAGACAAGACGAGCAAAGAGAAGCCAGCGAGAAANNNNNNNNNNNNGAAAAGAATGCTTATGTCGTTGGTGACATAAAACTAGAAGAAATTACTTGTCTACAGTCNNNNNNNNNNNNTTCTGTTGCTTCCGCTGATCAGCCTTCTTCCGATGAACCCGGTAGGATCCTCGACTGGAACATATTNNNGTTGAATACTAATATGGAGGAATATATGGATAAACTGAATAGTTATGTTACAGATAATCATGCTGGAGGACTAGCTGACGTCTGTATCATTAAGAATCTGGATACAGGGGGACAGTTTGTTGTTGATGAAATCAGGAAAGACGGGATGTGGAATAAGCTAAAAGAAGTCGGTACAGGGAGGCAGCTGACGATGGAGGAATTTGAAATGATTGTGGGTCATTCACCAATAGTGCAAGAACTAATGAGAAGACAATTCGGAGATGGTGGTGGTAGGGAAAATCTTGATTTTAACCGCAGTGGAAGTGATGAAAGTCTAGGGTTGAAGCTGAAACAGAAAACTAGCTGGTTACGCAATATGAAAAGTGTGGCAAGCAGTATAAAAGGGCTTATGGAGAGNNNAAGTNNNGATGAAAGGGATACAAGACCCGGCAGAGGAGCTAGGAGGTCTAGTTCTGCTGTAGATGATAGCTTGAATGTATCTCACGGCTCAGAAAAAGTACGAGTAAAGCAATATGGGAAGTCATATAAGCAGTTGACTGCCTTATACAAGATGCAGGAAATTCGGGCGCATACTGGCTCCATTTGGACTATCAAATTTAGTTTGGACGGTAGGTATTTGGCTAGTGCAGGGGAAGATTGTGTCATTCATGTTTGGAAGGTACTGGAAACAGAGAGGAAAAACGAGTCTTTGCTGGAAAAGCCAGAGAACGGGAACTTTAACTTGTTAGTAACTGTTAATGGTTCACCTGAGCCCCTTTTCTTTTCACGGTCTGCTGATGGTGATAATGAAAATTTTAGAAGAGGGAGGACATCCAGAGCAATGAAGTCTTTCAAGTTTGAACACATTCTTGCCCCGGAAAATGTATTTGCACTTACGGATAAACCTATTTGCGCATTCGAAGGGCACCTTNNNNNNNNNNNNNNNNNNNNNNNNNNNNNNNNNNNNNNNNNNNNNNNNNNNNNNNNNNNNNNNNNNNNNNNNNNNNNNNNNNNNNNNNNNNNNNNNNNNNNNNNNNNNNNNNNNNNNNNNNNNNNNNNNNNNNNNNNNNNNNNNNNNNNNNNNNNNNNNNNNNNNNNNNNNNNNNNNNNNNNNNNNNNNNNNNNNNNNNNNNNNNNNNNNNNNNNNNNNNNNNNNNNNNNNNNNNNNNNNNNNNNNNNNNNNNNNNNNNNNNNNNNNNNNNNNNNNNNNNNNNNNNNNNNNNNNNNNNNNNNNNNNNNNNNNNNNNNNNNNNNNNNNNNNNNNNNNNNNNNNNNNNNNNNNNNNNNNNNNNNNNNNNNNNNNNNNNNNNNNNNNNNNNNNNNNNNNNNNNNNNNNNNNNNNNNNNNNNNNNNNNNNNNNNNNNNNNNNNNNNNNNNNNNNNNNNNNNNNNNNNNNNNNNNNNNNNNNNNNNNNNNNNNNNNNNNNNNNNNNNNNNNNNNNNNNNNNNNNNNNNNNNNNNNNNNNNNNNNNNNNNNNNNNNNNNNNNNNNNNNNNNNNNNNNNNNNNNNNNNNNNNNNNNNNNNNNNNNNNNNNNNNNNNNNNNNNNNNNNNNNNNNNNNNNNNNNNNNNNNNNNNNNNNNNNNNNNNNNNNNNNNNNNNNNNNNNNNNNNNNNNNNNNNNNNNNNNNNNNNNNNNNNNNNNNNNNNNNNNNNNNNNNNNNNNNNNNNNNNNNNNNNNNNNNNNNNNNNNNNNNNNNNNNNNNNNNNNNNNNNNNNNNNNNNNNNNNNNNNNNNNNNNNNNNNNNNNNNNNNNNNNNNNNNNNNNNNNNNNNNNNNNNNNNNNNNNNNNNNNNNNNNNNNNNNNNNNNNNNNNNNNNNNNNNNNNNNNNNNNNNNNNNNNNNNNNNNNNNNNNNNNNNNNNNNNNNNNNNNNNNNNNNNNNNNNNNNNNNNNNNNNNNNNNNNNNNNNNNNNNNNNNNNNNNNNNNNNNNNNNNNNNNNNNNNNNNNNNNNNNNNNNNNNNNNNNNNNNNNNNNNNNNNNNNNNNNNNNNNNNNNNNNNNNNNNNNNNNNNNNNNNNNNNNNNNNNNNNNNNNNNNNNNNNNNNNNN	1
Linum tauricum	na	LtWDR44	protein	1	106	1686	Yes	Yes	NNNNNNNNNNNNNNNNNNNNNNNNNNNNNNNNNNNNNNNNNNNNNNNNNNNNNNNNNNNNNNNNNNNNNNNNNNNNNNNNNNNNNNNNNNNNNNNNNNNNNNNNNTCTTGCCCTTGCTCTACTTCTCATTCGGACTCCGATCCGGAACCTCTTCCCAACTGTTCCAGTTCGAATTCAAATTCCAAGTCCTCTTCCCCTGCTCTTGATCCTAAATTGAGTATCTCCAACTATGACATGTGGGTTTCAGAACCCGCCCCGGTCTCCGAGCGACGTCAGTGTCTCCTCCAACAAATGGGCCTGTCCTCCGACATTCCCCTCTTCTGTTCTCAGCAACCTAACAAAGATGTCAGCTTCAGAAGTTCTGTCTCTTGCGATCTTTTAACAGCCCAGAGGTTGTTAGGTCCCCGGACTTACGGGGTAACCAGATCAAAATCGGATGGTCGTTCTGGCGGTAGTAGTGACAAGTACAGTGCCGACAACCATTCTTGTTGTTCCTCTTCCTCTTCTTTTCATTCTTTAGTGTTTGTTTATTCTCCCTCAATTCTTTACGACGATCCAATTAATGTACATAGATGCAACTGCAATGCCAACGGCANNNAAAGACTAGTCGCCGACAACNNNNNNNNNNNNAAGAAGGATGGTTTTGTTGTTGGTGGCATAGAGCGCTCCAATCTTTCTTCTCTACGGTCTTCAGCTGCTGTTTGTGTTGTTTCCCCAAATNNNACCCCTTCAGGTGAACATGGTAGGATTCTGGATTGGGGTAGATTTCGGTCAAATGGTAGCNNNNNNGGATTTTTAGAGGGATTAGATAGTGATATGAATGATGATGGATCTGGAGTACTAGCTGCCGTCTGTACAATTAAGAATCTGGATACTGGGAAGCAGTTTGTTGTTAATGAGATCACGGAAGACGGGATGTGGAACAAGTTGAAAGAAGTTGGGACAGGGAGGCAGCTGACGATGGAGGAGTTCGAAATGACTGTGGGTCGTTCACCAATCGTGCAAGAACTAATGAAGAGACAAAATGGTCACCATGGTACTAGAGAAAATCATGANNNNNNNNNNNNTGGGGGTACTGAAACTGGACGGCTGAAGTTGAAAAAGAAGACGAGTTGGTTGCGAAGTATAAGAAGTGTCGCAAACAGTATTAAAGGGCATAAAGAGAGAATGAATNNNGACGGCAGGGATACAGGTTCTGAGAGAGGAGGTAGGAGGTCAAGTTCAGGTACCGATGAGAGCCTGGATGTATTTCAGGGTCCGAAGAAAGTGCGAGTAAAGCATTATGGCAAGTCATGCAAAGATTTGACTGCCCTGTATAAGACGCAGGAGATTCAGGCGCATAGTGGCTCTGTTTGGACTATTAAGTTTAGTTTGGACGGTAGGTTTTTGGCAAGTGCAGGGGAGGATTGTGTGATCCATGTTAGGCAGGTAGTGGAAACACTGAAGAAAGGAGAGTCTCTTCTGGGAAAGCAGGAGGTTAGGAGCTTTAATTGGTTTGTAGCGGTAGATGGGTCTCCTGAACCTATGCTCCTGTCATCGTCTGCTGATGGTCATAATGACATAGTTAGAAGAGGCAGGTCGTCTATAGACAGGAAATCTTTGAGCTTGGAGCACATAGTTCTGCCGGACGATGTGTTTGCACTTACAGATAAACCTATTTGTTCATTTGAAGGGCATCTTGATGACNNNNNNNNNNNNNNNNNNNNNNNNNNNNNNNNNNNNNNNNNNNNNNNNNNNNNNNNNNNNNNNNNNNNNNNNNNNNNNNNNNNNNNNNNNNNNNNNNNNNNNNNNNNNNNNNNNNNNNNNNNNNNNNNNNNNNNNNNNNNNNNNNNNNNNNNNNNNNNNNNNNNNNNNNNNNNNNNNNNNNNNNNNNNNNNNNNNNNNNNNNNNNNNNNNNNNNNNNNNNNNNNNNNNNNNNNNNNNNNNNNNNNNNNNNNNNNNNNNNNNNNNNNNNNNNNNNNNNNNNNNNNNNNNNNNNNNNNNNNNNNNNNNNNNNNNNNNNNNNNNNNNNNNNNNNNNNNNNNNNNNNNNNNNNNNNNNNNNNNNNNNNNNNNNNNNNNNNNNNNNNNNNNNNNNNNNNNNNNNNNNNNNNNNNNNNNNNNNNNNNNNNNNNNNNNNNNNNNNNNNNNNNNNNNNNNNNNNNNNNNNNNNNNNNNNNNNNNNNNNNNNNNNNNNNNNNNNNNNNNNNNNNNNNNNNNNNNNNNNNNNNNNNNNNNNNNNNNNNNNNNNNNNNNNNNNNNNNNNNNNNNNNNNNNNNNNNNNNNNNNNNNNNNNNNNNNNNNNNNNNNNNNNNNNNNNNNNNNNNNNNNNNNNNNNNNNNNNNNNNNNNNNNNNNNNNNNNNNNNNNNNNNNNNNNNNNNNNNNNNNNNNNNNNNNNNNNNNNNNNNNNNNNNNNNNNNNNNNNNNNNNNNNNNNNNNNNNNNNNNNNNNNNNNNNNNNNNNNNNNNNNNNNNNNNNNNNNNNNNNNNNNNNNNNNNNNNNNNNNNNNNNNNNNNNNNNNNNNNNNNNNNNNNNNNNNNNNNNNNNNNNNNNNNNNNNNNNNNNNNNNNNNNNNNNNNNNNNNNNNNNNNNNNNNNNNNNNNNNNNNNNNNNNNNNNNNNNNNNNNNNNNNNNNNNNNNNNNNNNNNNNNNNNNNNNNNNNNNNNNNNNNNNNNNNNNNNNNNNNNNNNNNNNNNNNNNNNNNNNNNNNNNNNNNNNNNNNNNNNNNNNNNNNNNNNNNNNNNNNNNNNNNNNNNNNNNNNNNNNNNNNNNNNNNNNNNNNNNNNNNNNNNNNNNNNNNNNNNNNNNNNNNNNNNN	1
Linum capitatum	na	LtWDR44	protein	1	61	1686	Yes	Yes	NNNNNNNNNNNNNNNNNNNNNNNNNNNNNNNNNNNNNNNNNNNNNNNNNNNNNNNNNNNNGAGGATGAGCAATTCTACGAGTCTTTCGATCGCATTGCTTCTTCTTCTTGCCCTTGCTCTACTTCTCATTCGGACTCCGATCCGGAACCTCTTCCCAACTGTTCCAGTTCGAATTCAAATTCCAAGTCCTCTTCCCCTGCTCTTGATCCTAAATTGAGTATCTCCAACTATGACATGTGGGTTTCAGAACCCGCCCCGGTCTCCGAGCGACGTCAGTGTCTCCTCCAACAAATGGGCCTGTCCTCCGACATTCCCCTCTTCTGTTCTCAGCAACCTAACAAAGATGTCAGCTTCAGAAGTTCTGTCTCTTGCGATCTTTTAACAGCCCAGAGGTTGTTAGGTCCCCGGACTTACGGGGTAACCAGATCAAAATCGGATGGTCGTTCTGGCGGTAGTAGTGACAAGTACAGTGCCGACAACCATTCTTGTTGTTCCTCTTCCTCTTCTTTTCATTCTTTAGTGTTTGTTTATTCTCCCTCAATTCTTTACGACGATCCAATTAATGTACATAGATGCAACTGCAATGCCAACGGCANNNAAAGACTAGTCGCCGACAACNNNNNNNNNNNNAAGAAGGATGGTTTTGTTGTTGGTGGCATAGAGCGCTCCAATCTTTCTTCTCTACGGTCTTCAGCTGCTGTTTGTGTTGTTTCCCCAAATNNNACCCCTTCAGGTGAACATGGTAGGATTCTGGATTGGGGTAGATTTCGGTCAAATGGTAGCNNNNNNGGATTTTTAGAGGGATTAGATAGTGATATGAATGATGATGGATCTGGAGTACTAGCTGCCGTCTGTACAATTAAGAATCTGGATACTGGGAAGCAGTTTGTTGTTAATGAGATCACGGAAGACGGGATGTGGAACAAGTTGAAAGAAGTTGGGACAGGGAGGCAGCTGACGATGGAGGAGTTCGAAATGACTGTGGGTCGTTCACCAATCGTGCAAGAACTAATGAAGAGACAAAATGGTCACCATGGTACTAGAGAAAATCATGANNNNNNNNNNNNTGGGGGTACTGAAACTGGACGGCTGAAGTTGAAAAAGAAGACGAGTTGGTTGCGAAGTATAAGAAGTGTCGCAAACAGTATTAAAGGGCATAAAGAGAGAATGAATNNNGACGGCAGGGATACAGGTTCTGAGAGAGGAGGTAGGAGGTCAAGTTCAGGTACCGATGAGAGCCTGGATGTATTTCAGGGTCCGAAGAAAGTGCGAGTAAAGCATTATGGCAAGTCATGCAAAGATTTGACTGCCCTGTATAAGACGCAGGAGATTCAGGCGCATAGTGGCTCTGTTTGGACTATTAAGTTTAGTTTGGACGGTAGGTTTTTGGCAAGTGCAGGGGAGGATTGTGTGATCCATGTTAGGCAGGTAGTGGAAACACTGAAGAAAGGAGAGTCTCTTCTGGGAAAGCAGGAGGTTAGGAGCTTTAATTGGTTTGTAGCGGTAGATGGGTCTCCTGAACCTATGCTCCTGTCATCGTCTGCTGATGGTCATAATGACATAGTTAGAAGAGGCAGGTCGTCTATAGACAGGAAATCTTTGAGCTTGGAGCACATAGTTCTGCCGGACGATGTGTTTGCACTTACAGATAAACCTATTTGTTCATTTGAAGGGCATCTTGATGACNNNNNNNNNNNNNNNNNNNNNNNNNNNNNNNNNNNNNNNNNNNNNNNNNNNNNNNNNNNNNNNNNNNNNNNNNNNNNNNNNNNNNNNNNNNNNNNNNNNNNNNNNNNNNNNNNNNNNNNNNNNNNNNNNNNNNNNNNNNNNNNNNNNNNNNNNNNNNNNNNNNNNNNNNNNNNNNNNNNNNNNNNNNNNNNNNNNNNNNNNNNNNNNNNNNNNNNNNNNNNNNNNNNNNNNNNNNNNNNNNNNNNNNNNNNNNNNNNNNNNNNNNNNNNNNNNNNNNNNNNNNNNNNNNNNNNNNNNNNNNNNNNNNNNNNNNNNNNNNNNNNNNNNNNNNNNNNNNNNNNNNNNNNNNNNNNNNNNNNNNNNNNNNNNNNNNNNNNNNNNNNNNNNNNNNNNNNNNNNNNNNNNNNNNNNNNNNNNNNNNNNNNNNNNNNNNNNNNNNNNNNNNNNNNNNNNNNNNNNNNNNNNNNNNNNNNNNNNNNNNNNNNNNNNNNNNNNNNNNNNNNNNNNNNNNNNNNNNNNNNNNNNNNNNNNNNNNNNNNNNNNNNNNNNNNNNNNNNNNNNNNNNNNNNNNNNNNNNNNNNNNNNNNNNNNNNNNNNNNNNNNNNNNNNNNNNNNNNNNNNNNNNNNNNNNNNNNNNNNNNNNNNNNNNNNNNNNNNNNNNNNNNNNNNNNNNNNNNNNNNNNNNNNNNNNNNNNNNNNNNNNNNNNNNNNNNNNNNNNNNNNNNNNNNNNNNNNNNNNNNNNNNNNNNNNNNNNNNNNNNNNNNNNNNNNNNNNNNNNNNNNNNNNNNNNNNNNNNNNNNNNNNNNNNNNNNNNNNNNNNNNNNNNNNNNNNNNNNNNNNNNNNNNNNNNNNNNNNNNNNNNNNNNNNNNNNNNNNNNNNNNNNNNNNNNNNNNNNNNNNNNNNNNNNNNNNNNNNNNNNNNNNNNNNNNNNNNNNNNNNNNNNNNNNNNNNNNNNNNNNNNNNNNNNNNNNNNNNNNNNNNNNNNNNNNNNNNNNNNNNNNNNNNNNNNNNNNNNNNNNNNNNNNNNNNNNNNNNNNNNNNNNNNNNNNNNNNNNNNNNNNNNNNNNNNNNNNNNNNNNNNNNNNNNNNNNNNNNNNNNNNNNNNNNN	1
Linum flavum	na	LtWDR44	protein	1	61	1686	Yes	Yes	NNNNNNNNNNNNNNNNNNNNNNNNNNNNNNNNNNNNNNNNNNNNNNNNNNNNNNNNNNNNGAGGATGAGCAATTCTACGAGTCTTTCGATCGCATTGCTTCTTCTTCTTGCCCTTGCTCTACTTCTCATTCGGACTCCGATCCGGAACCTCTTCCCAACTGTTCCAGTTCGAATTCAAATTCCAAGTCCTCTTCCCCTGCTCTTGATCCTAAATTGAGTATCTCCAACTATGACATGTGGGTTTCAGAACCCGCCCCGGTCTCCGAGCGACGTCAGTGTCTCCTCCAACAAATGGGCCTGTCCTCCGACATTCCCCTCTTCTGTTCTCAGCAACCTAACAAAGATGTCAGCTTCAGAAGTTCTGTCTCTTGCGATCTTTTAACAGCCCAGAGGTTGTTAGGTCCCCGGACTTACGGGGTAACCAGATCAAAATCGGATGGTCGTTCTGGCGGTAGTAGTGACAAGTACAGTGCCGACAACCATTCTTGTTGTTCCTCTTCCTCTTCTTTTCATTCTTTAGTGTTTGTTTATTCTCCCTCAATTCTTTACGACGATCCAATTAATGTACATAGATGCAACTGCAATGCCAACGGCANNNAAAGACTAGTCGCCGACAACNNNNNNNNNNNNAAGAAGGATGGTTTTGTTGTTGGTGGCATAGAGCGCTCCAATCTTTCTTCTCTACGGTCTTCAGCTGCTGTTTGTGTTGTTTCCCCAAATNNNACCCCTTCAGGTGAACATGGTAGGATTCTGGATTGGGGTAGATTTCGGTCAAATGGTAGCNNNNNNGGATTTTTAGAGGGATTAGATAGTGATATGAATGATGATGGATCTGGAGTACTAGCTGCCGTCTGTACAATTAAGAATCTGGATACTGGGAAGCAGTTTGTTGTTAATGAGATCACGGAAGACGGGATGTGGAACAAGTTGAAAGAAGTTGGGACAGGGAGGCAGCTGACGATGGAGGAGTTCGAAATGACTGTGGGTCGTTCACCAATCGTGCAAGAACTAATGAAGAGACAAAATGGTCACCATGGTACTAGAGAAAATCATGANNNNNNNNNNNNTGGGGGTACTGAAACTGGACGGCTGAAGTTGAAAAAGAAGACGAGTTGGTTGCGAAGTATAAGAAGTGTCGCAAACAGTATTAAAGGGCATAAAGAGAGAATGAATNNNGACGGCAGGGATACAGGTTCTGAGAGAGGAGGTAGGAGGTCAAGTTCAGGTACCGATGAGAGCCTGGATGTATTTCAGGGTCCGAAGAAAGTGCGAGTAAAGCATTATGGCAAGTCATGCAAAGATTTGACTGCCCTGTATAAGACGCAGGAGATTCAGGCGCATAGTGGCTCTGTTTGGACTATTAAGTTTAGTTTGGACGGTAGGTTTTTGGCAAGTGCAGGGGAGGATTGTGTGATCCATGTTAGGCAGGTAGTGGAAACACTGAAGAAAGGAGAGTCTCTTCTGGGAAAGCAGGAGGTTAGGAGCTTTAATTGGTTTGTAGCGGTAGATGGGTCTCCTGAACCTATGCTCCTGTCATCGTCTGCTGATGGTCATAATGACATAGTTAGAAGAGGCAGGTCGTCTATAGACAGGAAATCTTTGAGCTTGGAGCACATAGTTCTGCCGGACGATGTGTTTGCACTTACAGATAAACCTATTTGTTCATTTGAAGGGCATCTTGATGACNNNNNNNNNNNNNNNNNNNNNNNNNNNNNNNNNNNNNNNNNNNNNNNNNNNNNNNNNNNNNNNNNNNNNNNNNNNNNNNNNNNNNNNNNNNNNNNNNNNNNNNNNNNNNNNNNNNNNNNNNNNNNNNNNNNNNNNNNNNNNNNNNNNNNNNNNNNNNNNNNNNNNNNNNNNNNNNNNNNNNNNNNNNNNNNNNNNNNNNNNNNNNNNNNNNNNNNNNNNNNNNNNNNNNNNNNNNNNNNNNNNNNNNNNNNNNNNNNNNNNNNNNNNNNNNNNNNNNNNNNNNNNNNNNNNNNNNNNNNNNNNNNNNNNNNNNNNNNNNNNNNNNNNNNNNNNNNNNNNNNNNNNNNNNNNNNNNNNNNNNNNNNNNNNNNNNNNNNNNNNNNNNNNNNNNNNNNNNNNNNNNNNNNNNNNNNNNNNNNNNNNNNNNNNNNNNNNNNNNNNNNNNNNNNNNNNNNNNNNNNNNNNNNNNNNNNNNNNNNNNNNNNNNNNNNNNNNNNNNNNNNNNNNNNNNNNNNNNNNNNNNNNNNNNNNNNNNNNNNNNNNNNNNNNNNNNNNNNNNNNNNNNNNNNNNNNNNNNNNNNNNNNNNNNNNNNNNNNNNNNNNNNNNNNNNNNNNNNNNNNNNNNNNNNNNNNNNNNNNNNNNNNNNNNNNNNNNNNNNNNNNNNNNNNNNNNNNNNNNNNNNNNNNNNNNNNNNNNNNNNNNNNNNNNNNNNNNNNNNNNNNNNNNNNNNNNNNNNNNNNNNNNNNNNNNNNNNNNNNNNNNNNNNNNNNNNNNNNNNNNNNNNNNNNNNNNNNNNNNNNNNNNNNNNNNNNNNNNNNNNNNNNNNNNNNNNNNNNNNNNNNNNNNNNNNNNNNNNNNNNNNNNNNNNNNNNNNNNNNNNNNNNNNNNNNNNNNNNNNNNNNNNNNNNNNNNNNNNNNNNNNNNNNNNNNNNNNNNNNNNNNNNNNNNNNNNNNNNNNNNNNNNNNNNNNNNNNNNNNNNNNNNNNNNNNNNNNNNNNNNNNNNNNNNNNNNNNNNNNNNNNNNNNNNNNNNNNNNNNNNNNNNNNNNNNNNNNNNNNNNNNNNNNNNNNNNNNNNNNNNNNNNNNNNNNNNNNNNNNNNNNNNNNNNN	1
Linum suffruticosum	na	LtWDR44	protein	1	25	1683	Yes	Yes	NNNNNNNNNNNNNNNNNNNNNNNNGCTGGAACTGACGGTAGCTGTGGTGGAGAGGGAGTTGAGGACGATCAATTCTACGAGTCTCTCGATCTCATTGCTTCCTCATCTTGCCCTTGCTCTACTTCTCATTCGGACTCCGATCGAGAACCTCCTCCCAACAGCACCAGTTCGAATTCGAATTCCAGGTCCCCTTCTCCTGCTCTTGACCCTAAATTAAGTATCTCCAACTATGACATGTGGGTTTCAGAACCCGCCTCGGTCTCGGAACGACGTCAGTGTCTTCTCCGGCAAATGGGTCTGTCCTCTGACATTTCCCTCTTCCGCTCTCAGCAACCTAACAAGGATTTCAACTTCAGAAGTTCAGTCTCCTGCGATCTTCTGGCACCCCAGAGGTTGTTAGGTCACAGGACTGATGTGGTAACCAGATCAAAATCTGATGGCCGTTCTGACGGTGGTAGTGACAAGTACAATGACGACTACAATTCTTGTTGTTCTTCTTCCTCTTCTTTTCCTTCTTTGGTGTTTGCTTATTCTCCCTCAATTCTTTGCGACGATTCAAGTAATGTACATAGATGCAACTGCAACGCGAACGGCANNNAAAGAGTAGTTGCTGACAACNNNNNNNNNNNNAAGAAAAATGGCTATGTTGTTGGTGGCGTAGACCGCGCCAATCTTTGTTCTCTACAATCTTCAGCAGCTGTTTGTGTTGTTTCCCCTAATNNNACCTCTTCCGGTGAACATGGTAGGATCCTGGATAGGGGTAGGATTAGGTCAAATAGTAGCNNNNNNGGGTTTATGGAGGGATTAGACAGTAGTGTGAATGATAATGGATCTGGAGAACTAGCTGACGTCTGTACAGTTAAGAATCTGGATACTGGGAAGCAGTTTGTTGTTAATGAAATCAGGGAAGACGGGATGTGGAACAAGTTGAAAGAAGTTGGGACAGGGAAGCAGCTGACAATGGAAGAGTTCGAAATGACTGTGGGTCGTTCACTGATCGTGCAAGAACTAATGAAAAGACAAAATGGACAGGATGGTACTATGGAACATCATTATTCTAACCCGGTTGGAGGTACTGAAACTATTCAGTTGAAGTTCAAAAAGAAAACTAGTTGGTTGCGAAGTATCAGAAGTGTAGCGAACAGTATTAAAGGGCATAAAGAGAGAATGAATNNNGATGAAAGGGATACAGGTTCTGAGAGAGGAGGTAGGAGGTCAAGTTCAGGTACTGATGNNNNNNNNNATGTATTTCAGGGCCCCAAGAAAGTGCGAGTAAAGCAATTTGGTAAGTCAAATAAAGAGTTGACTGCCCTTTATAAGACTCAAGAGATTCAGGCGCATAGTGGCTCTGTTTGGACCATTAAGTTTAGTTTGGATGGTAGGTATTTGGCAAGTGCAGGGGAGGATTGTGTGATCCATGTTAGGCAGGTAGTGGAAACAGTGAAGAAAGGAGAGTCTGTGCAGGGAAAGCCGGAGGTTCGGAGCTTTAATTGGTTCGTACCGGTAAATGGGTCACTTGAACCTATGTTCCAGTCATCGTCTGCTCATGGTCACTACGACAAAGGTAGAAGAGGGGTGTCACCTATAAGCGGGAAATTTTTGAGTTTGGAGCACATTGTTCTGCCGGACAATGTGTTTGCACTTACAGATAAACCTATTTGCTCATTTGAAGGGCATCTTGACNNNNNNNNNNNNNNNNNNNNNNNNNNNNNNNNNNNNNNNNNNNNNNNNNNNNNNNNNNNNNNNNNNNNNNNNNNNNNNNNNNNNNNNNNNNNNNNNNNNNNNNNNNNNNNNNNNNNNNNNNNNNNNNNNNNNNNNNNNNNNNNNNNNNNNNNNNNNNNNNNNNNNNNNNNNNNNNNNNNNNNNNNNNNNNNNNNNNNNNNNNNNNNNNNNNNNNNNNNNNNNNNNNNNNNNNNNNNNNNNNNNNNNNNNNNNNNNNNNNNNNNNNNNNNNNNNNNNNNNNNNNNNNNNNNNNNNNNNNNNNNNNNNNNNNNNNNNNNNNNNNNNNNNNNNNNNNNNNNNNNNNNNNNNNNNNNNNNNNNNNNNNNNNNNNNNNNNNNNNNNNNNNNNNNNNNNNNNNNNNNNNNNNNNNNNNNNNNNNNNNNNNNNNNNNNNNNNNNNNNNNNNNNNNNNNNNNNNNNNNNNNNNNNNNNNNNNNNNNNNNNNNNNNNNNNNNNNNNNNNNNNNNNNNNNNNNNNNNNNNNNNNNNNNNNNNNNNNNNNNNNNNNNNNNNNNNNNNNNNNNNNNNNNNNNNNNNNNNNNNNNNNNNNNNNNNNNNNNNNNNNNNNNNNNNNNNNNNNNNNNNNNNNNNNNNNNNNNNNNNNNNNNNNNNNNNNNNNNNNNNNNNNNNNNNNNNNNNNNNNNNNNNNNNNNNNNNNNNNNNNNNNNNNNNNNNNNNNNNNNNNNNNNNNNNNNNNNNNNNNNNNNNNNNNNNNNNNNNNNNNNNNNNNNNNNNNNNNNNNNNNNNNNNNNNNNNNNNNNNNNNNNNNNNNNNNNNNNNNNNNNNNNNNNNNNNNNNNNNNNNNNNNNNNNNNNNNNNNNNNNNNNNNNNNNNNNNNNNNNNNNNNNNNNNNNNNNNNNNNNNNNNNNNNNNNNNNNNNNNNNNNNNNNNNNNNNNNNNNNNNNNNNNNNNNNNNNNNNNNNNNNNNNNNNNNNNNNNNNNNNNNNNNNNNNNNNNNNNNNNNNNNNNNNNNNNNNNNNNNNNNNNNNNNNNNNNNNNNNNNNNNNNNNNNNNNNNNNNNNNNNNNNNNNNNNNNNNNNNNNNNNNNNNNNNNNNNNNNNNNNNNNNNNNNNNNN	1
Linum tenue	na	LtWDR44	protein	1	1	2796	No	No	ATGGCCATTGAAGCGACAGCTGGAACTGGCGGTGGCGGTGGCGGTGGCGAAGGGGGACTTGAGGACGAGCACTTCTACGAGTCTGTTGACCGCATTGCTTCCTCATCTTGCCCTTGCTCTACTTCTCATTCGGAGTCCGATCTGGAACTTCTTCACAACAGTTGCAGTTCGAATTCAAATTCCAGGTCCCCTTCTCCTGCTCTTGACCCTAAATTGAACATCTCCAACTATGACATGTGGGCTTCAGAACCTGGCCCCGTCTCTGAGCGACGTCAGCGTCTCCTTCGTCAAATGGGTCTGTCCTCCGACATTTCCTTCTTCCGCTCTCAGCAACCTAATAAAGATGTCAACTTCATAAGTTCCGTCTCCTGCGATTTTTTAACACCCCAGAGGTTGTTGGGTCCCAGGGATGATGGGGTAACCAGATCAAAATCTGATGGTCCTTCTGGCGGTAGTAGTGACAAGTACAATGACGACTATGATTCNNNTTGTTCTTCTTCCTCTTCTTTCCNNNCTTTGGTGCTTGTTTATTCGCCCTCAATTCTTTATGACGATTCAATTAATGTACATAGATGCAACTGCAACGGCAACAGCANNNAAAGACAAGTGGCCGACAACAAGAATAGTATAAAGAAGAATGGCTATGCTGTTGGTGGCATAGAACGCGCCAATCTTCCTTCGCTACAATCTTCAGCTACTATTTGTGTTGTTTCCCCCAATNNNACCCCTTCATGTGAACATGGTAGGATCGTTGATCGGGGTAGGGTTCGGTCAAATAGTAACNNNNNNGGGTTTGTGGAGGGATTAGAAAGTAATGTGAAGGATAACGGATCTGGGGAACTAGCTGACGTCTGTACAATTAAGAATCTGGATACTGGGAAACAGTTTGTTGTTGATGAAATCAAGGAAGACGGGATGTGGAACAAGTTAAAAGAAGTTGGGACAGGGAGGCAGCTGACGATGGAGGAGTTCGAAATGACTCTGGGTCGTTCACCGATCGTGCAAGAACTCATGAAAAGACAAAATGGTGTAGCTGGTACAAGGGAAAATCATGATTCTGACCCTGTTGGAGGTACTGAAACTGGACGGTTGGAGTTGAAAAAGAAAACTAGCTGGCTGCGGAGTATCAGAAGTATCGCGAAGAGTATTAAAGGTCATAAAGAGAGAATGAATNNNGATGAAAGGGATGCACGTTCTGAGAGAGGATGCAGGGGGTCAAGTTCAGGTAACGATGAGAGCTTGGATGTATTTCAGGGCCCCAAGAAAGTGCGAGTAAAGCAATATGGCAAATCATATAAAGATTTGACTGCCCTTTATAAGACTCAGGAGATTCAGGCGCATAGGGGCTCTGTTTGGTCCATTAAGTTTAGTTTGGACGGTAGGTATTTGGCAAGTGCAGGGGAGGATTGTGTAGTCCATGTTAGGCAGGTCGTGGAAACCGTGAAGAAAGGAGAGTCTGTGCTGGGAAAGCCGGAGGTTAGGAGCCTTAATTGGCTCATCGCCGTAAATGGGTCTCCTGAACCTATATTCCTGTCATCATCTGCTGATGGTCATCGTGACGCAGTTAGAAGAGGGCGGTCATCTATAAGCAGGAAATCTTTGAGCTTAGAGCACATTGTTCCGCCGGAAACTGTGTTTGCACTTACAGATAAACCTATTTGCTCATTTGAAGGGCATCTTGCTGACGTGCTTGACTTGTCCTGGTCCAAGTCTCAGCTCCTCCTGTCTTCCTCAATGGACAAAACAGTGCGCTTGTGGCACTTGTCTAGTAAAACTTGTTTGAAGATATTCTCACACAGGGATTATGTCACCTGCATACAGTTCAACCCTGTCGATGACAGATTCTTCCTTAGTGGGTCCCTAGATGGAAAGGTTCGCATATGGAGTATTCCTGATGGTCAAGTTGTTGATTGGAATGATTTACATGAGATGATCACAGCTGCTTGCTATACTCCAGATGGCCAGGGTGCACTAGTTGGCTCATACAAGGGAAGTTGCCGGCTTTACAGCACAGCAGAGAATAAGCTGCAGCAGAAGTGCGAAATCAATCTAGAGAAGAAAAGGAAGAAATCTAATTATAAGAAAATTACTGGGTTTCAGTTTGTCCCAGGAAGCTCGTCTGAAGTGCTTGTCACCTCAGCGGATTCTCGGATACGAGTCATTGATCACATTGATTTGGTGCACAAGTTCAAAGGGTTTCGTAACACAAACAGCCACTTCTCAGCTTCCCTCACATCAAATGCAAAATTTGTTGTCTCGGCAAGTGAAGGCTCCAATGTGTATATATGGAAGCATGAGGCTAATTCGCGTTTGACGAGAGACAAAGTTGTTACAGTTACACAATCATATGAGCATTTCCGTTGCCAAGACGTATCCGCAGCCATTCCTTGGCTAGGAACTAGTTGCACTGGGGCAGTTCCTGAGACTTGTTCTGGTTCCCGATATGGTCCGGACAGCCATCTTGATGAAGTCTCCATCACCAACCATCCACTTATACCCTTTGAGGAAGTTCTTACGGGCGATCGTTCTCAATCCTTATCAGGTTGCACGAACAGGCCGCATAACCAAATCATTTCTGGCCCAGCCAGCGGTCGAATTTACGAGAGAATTTCAGCAACATGTCCCCAGGAAAAACTTAATTTAGCTGCTGGAACACGTAGCCCTCAAACTACTAGTCATGTCACAAATGAGTTGACAAACCAACATATGTCAGCTTATGGTATGGTGATTGTCACCGCTGGTCTCCGAGGTCAGATTAATGCCTACCAAAATTTTGGTTTACCAGTTCCAACCTAA	1
Linum grandiflorum	na	LtWDR44	protein	1	634	1374	Yes	Yes	NNNNNNNNNNNNNNNNNNNNNNNNNNNNNNNNNNNNNNNNNNNNNNNNNNNNNNNNNNNNNNNNNNNNNNNNNNNNNNNNNNNNNNNNNNNNNNNNNNNNNNNNNNNNNNNNNNNNNNNNNNNNNNNNNNNNNNNNNNNNNNNNNNNNNNNNNNNNNNNNNNNNNNNNNNNNNNNNNNNNNNNNNNNNNNNNNNNNNNNNNNNNNNNNNNNNNNNNNNNNNNNNNNNNNNNNNNNNNNNNNNNNNNNNNNNNNNNNNNNNNNNNNNNNNNNNNNNNNNNNNNNNNNNNNNNNNNNNNNNNNNNNNNNNNNNNNNNNNNNNNNNNNNNNNNNNNNNNNNNNNNNNNNNNNNNNNNNNNNNNNNNNNNNNNNNNNNNNNNNNNNNNNNNNNNNNNNNNNNNNNNNNNNNNNNNNNNNNNNNNNNNNNNNNNNNNNNNNNNNNNNNNNNNNNNNNNNNNNNNNNNNNNNNNNNNNNNNNNNNNNNNNNNNNNNNNNNNNNNNNNNNNNNNNNNNNNNNNNNNNNNNNNNNNNNNNNNNNNNNNNNNNNNNNNNNNNNNNNNNNNNNNNNNNNNNNNNNNNNNNNNNNNNNNNNNNNNNNNNNNNNNNNNNNNNNNNNNNNNNNNNNNNNNNNNNNNAAGAATTCCTACGTTGTTGGTGACCTAACACTAGAAGAAATTACTTGTCTACAGTCTTCTGCTGCNNNTTCTGCTGATTCCATTGATCAGCCCCCTTCCGGTGAACCTGGTAGGATCCTTGATTGGAGCAGAACCTGGTCGAATACTAATATTGAGGAATATATGGATGAAGTAAATAGCTATGAGACAAATGATAAAGCTGGAGGACTAACTGACGTCTGTACCATTAAGAATCTGGACACGGGGGGACAGTTTGTTGTTGATGAAATTAGGGAAGACGGGATGTGGAATAAGCTGAAAGAAGTTGGGACAGGGAGGCAGCTAACGATGGAGGAATTTGAAATGATTGTGGGCCATTCGCCGATAGTGAAAGAACTAATGAGAAGACAATTCGGAGCTGATGGTAGTAGGGCAAATCTTGATTTTAACCGCAATGGTGGAGATGAAAGTCTACGGTTGAAGCTGAAACAGAAAACTAGCTGGTTACGCAATATAAAAAGTGTGGCAAGCAGTATAAAGGGGCGTAAAGAGAGNNNGAGTNNNGATGAAAGGGATACAGGTTCCGATAGAGGCGGTCGGAGGTCTACCACTGCTAGAGACGACAGCGTGGATGTATCTCCTGGCTCAGAAAAAGTACGAGTAAAGCAATATGGGAAGTCATATAAACAATTAACTGCCTTATATAAAACTCAGGAAATTCAGGCGCATACCGGCTCTATTTGGACTATTAAATTTAGTTTGNNNNNNNNNNNNNNNNNNNNNNNNNNNNNNNNNNNNNNNNNNNNNNNNNNNNNNNNNNNNNNNNNNNNNNNNNNNNNNNNNNNNNNNNNNNNNNNNNNNNNNNNNNNNNNNNNNNNNNNNNNNNNNNNNNNNNNNNNNNNNNNNNNNNNNNNNNNNNNNNNNNNNNNNNNNNNNNNNNNNNNNNNNNNNNNNNNNNNNNNNNNNNNNNNNNNNNNNNNNNNNNNNNNNNNNNNNNNNNNNNNNNNNNNNNNNNNNNNNNNNNNNNNNNNNNNNNNNNNNNNNNNNNNNNNNNNNNNNNNNNNNNNNNNNNNNNNNNNNNNNNNNNNNNNNNNNNNNNNNNNNNNNNNNNNNNNNNNNNNNNNNNNNNNNNNNNNNNNNNNNNNNNNNNNNNNNNNNNNNNNNNNNNNNNNNNNNNNNNNNNNNNNNNNNNNNNNNNNNNNNNNNNNNNNNNNNNNNNNNNNNNNNNNNNNNNNNNNNNNNNNNNNNNNNNNNNNNNNNNNNNNNNNNNNNNNNNNNNNNNNNNNNNNNNNNNNNNNNNNNNNNNNNNNNNNNNNNNNNNNNNNNNNNNNNNNNNNNNNNNNNNNNNNNNNNNNNNNNNNNNNNNNNNNNNNNNNNNNNNNNNNNNNNNNNNNNNNNNNNNNNNNNNNNNNNNNNNNNNNNNNNNNNNNNNNNNNNNNNNNNNNNNNNNNNNNNNNNNNNNNNNNNNNNNNNNNNNNNNNNNNNNNNNNNNNNNNNNNNNNNNNNNNNNNNNNNNNNNNNNNNNNNNNNNNNNNNNNNNNNNNNNNNNNNNNNNNNNNNNNNNNNNNNNNNNNNNNNNNNNNNNNNNNNNNNNNNNNNNNNNNNNNNNNNNNNNNNNNNNNNNNNNNNNNNNNNNNNNNNNNNNNNNNNNNNNNNNNNNNNNNNNNNNNNNNNNNNNNNNNNNNNNNNNNNNNNNNNNNNNNNNNNNNNNNNNNNNNNNNNNNNNNNNNNNNNNNNNNNNNNNNNNNNNNNNNNNNNNNNNNNNNNNNNNNNNNNNNNNNNNNNNNNNNNNNNNNNNNNNNNNNNNNNNNNNNNNNNNNNNNNNNNNNNNNNNNNNNNNNNNNNNNNNNNNNNNNNNNNNNNNNNNNNNNNNNNNNNNNNNNNNNNNNNNNNNNNNNNNNNNNNNNNNNNNNNNNNNNNNNNNNNNNNNNNNNNNNNNNNNNNNNNNNNNNNNNNNNNNNNNNNNNNNNNNNNNNNNNNNNNNNNNNNNNNNNNNNNNNNNNNNNNNNNNNNNNNNNNNNNNNNNNNNNNNNNNNNNNNNNNNNNNNNNNNNNNNNNNNNNNNNNNNNNNNNNNNNNNNNNNNNNNNNNNNNNNNNNNNNNNNNNNNNNNNNNNNNNNNNNNNNNNNNNNNNNNNNNNNNNNNNNNNNNNNNNNNNNNNNNNNNNNNNNNNNNNNNNNNNNNN	1
Linum narbonense	na	LtWDR44	protein	1	472	1680	Yes	Yes	NNNNNNNNNNNNNNNNNNNNNNNNNNNNNNNNNNNNNNNNNNNNNNNNNNNNNNNNNNNNNNNNNNNNNNNNNNNNNNNNNNNNNNNNNNNNNNNNNNNNNNNNNNNNNNNNNNNNNNNNNNNNNNNNNNNNNNNNNNNNNNNNNNNNNNNNNNNNNNNNNNNNNNNNNNNNNNNNNNNNNNNNNNNNNNNNNNNNNNNNNNNNNNNNNNNNNNNNNNNNNNNNNNNNNNNNNNNNNNNNNNNNNNNNNNNNNNNNNNNNNNNNNNNNNNNNNNNNNNNNNNNNNNNNNNNNNNNNNNNNNNNNNNNNNNNNNNNNNNNNNNNNNNNNNNNNNNNNNNNNNNNNNNNNNNNNNNNNNNNNNNNNNNNNNNNNNNNNNNNNNNNNNNNNNNNNNNNNNNNNNNNNNNNNNNNNNNNNNNNNNNNNNNNNNNNNNNNNNNNNNNNNNNNNNNNNNNNNNNNNNNNNNNNNNNNGAAGATATGCATTANNNTTGTTCTCGTTCATCTTCTTATTCGTCTTTGGTATTAGTTTGTTCGCCTGAAATAATTCCGAACCATTCAGATAACAAAAATAGACGGAACTGCAATAAAAATGACGACCAAAGAGAAGCCAGCGAGAACNNNNNNNNNNNNAAGAAGAATGCCTACGTTGTTGGTGACATAACACTAGAAGAAATTCCTTGTCTACAGTCNNNNNNNNNNNNTTCTGCTGATTCCTCTGATCAGCCTCCTTTCGGAGAACCTGGTAGGATCCTTGATTGGAACAGAAGCTGGTTGAATACTAATATTGACGAATATATGGATGAAGTAAATAGCTATGAAACAAATGATGAAGCTGGAGGACTAACTGATGTCTGTACCATTAAGAATCTGGATACGGGGCGACAGTTTGTTGTTGATGAAATTAGGGAAGACGGGATGTGGAATAAGCTGAAAGAAGTTGGGACAGGGAGGCAGCTAACGATGGAGGAATTTGAAATGATTGTGGGTCATTCGCCGATAGTGAAAGAACTAATGAGAAGGAAATTTGGAGCTGATGGTCGTAGAGAAAATCTTGATTTTAACCGCAATGAAGGACATGAAAGTCTACGGTTGAAGCTGAAACAGAAAACTAGCTGGTTACACAATATAAAGAGTGTGGCAAGCAGCATAAAGGGGCGTAAAGAGAGNNNGAGTNNNGATGAGCGGGATTCAGGTTCCGATAGAGGCGGTCGGAGGTCTACCTCTGCTAGAGATGACATCTTGGATGTATCTCACGGCTCAGAAAAAGTACGAGTAAAGCAATATGGGAAGTCATATAAACAATTGACTGCCTTATACAAAACACAGGAAATTCAGGCGCATACTGGCTCTATTTGGACTATTAAATTCAGTTTGGATGGCAGGTATTTGGCTAGTGCAGGCGAAGATCGAGTCATCCATGTTTGGAAGGTACTGGAAACAAACAGCAAAAAAGAGTGTTTGCTGGAAAACCCAGAGGAGGGGAACTTGAACTTGTTGGTAACTATTAATGGATCACCTGAACCTCTTTTCAGCACNNNGTCTGCTGATGGGCATAATGAAAATTATNNNAAAGGGAGGTCGTCCACAGCAAGGAAATCCTTGAACTACGAGCACATTCTTGGGCAGGACAGCGTATTTGCACTTATGGATACACCTATTTGCTCATTTGAAGGGCATCTTNNNNNNNNNNNNNNNNNNNNNNNNNNNNNNNNNNNNNNNNNNNNNNNNNNNNNNNNNNNNNNNNNNNNNNNNNNNNNNNNNNNNNNNNNNNNNNNNNNNNNNNNNNNNNNNNNNNNNNNNNNNNNNNNNNNNNNNNNNNNNNNNNNNNNNNNNNNNNNNNNNNNNNNNNNNNNNNNNNNNNNNNNNNNNNNNNNNNNNNNNNNNNNNNNNNNNNNNNNNNNNNNNNNNNNNNNNNNNNNNNNNNNNNNNNNNNNNNNNNNNNNNNNNNNNNNNNNNNNNNNNNNNNNNNNNNNNNNNNNNNNNNNNNNNNNNNNNNNNNNNNNNNNNNNNNNNNNNNNNNNNNNNNNNNNNNNNNNNNNNNNNNNNNNNNNNNNNNNNNNNNNNNNNNNNNNNNNNNNNNNNNNNNNNNNNNNNNNNNNNNNNNNNNNNNNNNNNNNNNNNNNNNNNNNNNNNNNNNNNNNNNNNNNNNNNNNNNNNNNNNNNNNNNNNNNNNNNNNNNNNNNNNNNNNNNNNNNNNNNNNNNNNNNNNNNNNNNNNNNNNNNNNNNNNNNNNNNNNNNNNNNNNNNNNNNNNNNNNNNNNNNNNNNNNNNNNNNNNNNNNNNNNNNNNNNNNNNNNNNNNNNNNNNNNNNNNNNNNNNNNNNNNNNNNNNNNNNNNNNNNNNNNNNNNNNNNNNNNNNNNNNNNNNNNNNNNNNNNNNNNNNNNNNNNNNNNNNNNNNNNNNNNNNNNNNNNNNNNNNNNNNNNNNNNNNNNNNNNNNNNNNNNNNNNNNNNNNNNNNNNNNNNNNNNNNNNNNNNNNNNNNNNNNNNNNNNNNNNNNNNNNNNNNNNNNNNNNNNNNNNNNNNNNNNNNNNNNNNNNNNNNNNNNNNNNNNNNNNNNNNNNNNNNNNNNNNNNNNNNNNNNNNNNNNNNNNNNNNNNNNNNNNNNNNNNNNNNNNNNNNNNNNNNNNNNNNNNNNNNNNNNNNNNNNNNNNNNNNNNNNNNNNNNNNNNNNNNNNNNNNNNNNNNNNNNNNNNNNNNNNNNNNNNNNNNNNNNNNNNNNNNNNNNNNNNNNNNNNNNNNNNNNNNNNNNNNNNNNNNNNNNNNNNNNNNNNNNNNNNNNNNNNNNNNNNNNNNN	1