# Checklist	ERC000053	Tree of Life Checklist															
tax_id	scientific_name	sample_alias	sample_title	sample_description	organism part	lifestage	project name	collected_by	collection date	geographic location (latitude)	geographic location (longitude)	geographic location (region and locality)	identified_by	habitat	sex	geographic location (country and/or sea)	collecting institution
# Taxonomy ID of the organism as in the  NCBI Taxonomy database. Entries in the NCBI Taxonomy database have integer taxon IDs. See our tips for sample taxonomy here	Scientific name of the organism as in the  NCBI Taxonomy database. Scientific names typically follow the binomial nomenclature. For example, the scientific name for humans is Homo sapiens.	Unique name of the sample. If not selected system will auto generate an unique alias	Title of the sample	Description of the sample	The part of organism's anatomy or substance arising from an organism from which the biomaterial was derived, excludes cells.	The age class or life stage of the organism at the time of collection.	Name of the project within which the sequencing was organized	Name of persons or institute who collected the specimen	The date the sample was collected with the intention of sequencing, either as an instance (single point in time) or interval. In case no exact time is available, the date/time can be right truncated i.e. all of these are valid ISO8601 compliant times: 2008-01-23T19:23:10+00:00; 2008-01-23T19:23:10; 2008-01-23; 2008-01; 2008.	Collection coordinate in decimal grades	Collection coordinate in decimal grades	The geographical origin of the sample as defined by the specific region name followed by the locality name.		Description of the location of the sample material. please use EnvO terms where possible: https://www.ebi.ac.uk/ols/ontologies/envo	Sex of the organism from which the sample was obtained	The geographical origin of where the sample was collected from, with the intention of sequencing, as defined by the country or sea name. Country or sea names should be chosen from the INSDC country list (http://insdc.org/country.html).	
9182	Phylloscopus trochilus	P_trochilus_SI-2304-1755299	P_trochilus_SI-2304-1755299	Blood drawn from living, field caught specimen SI-2304-1755299	Whole blood	Adult	Genetics of bird migration	Kristaps Sokolovskis, Violeta Caballero-Lopéz, Staffan Bensch	2019-06-20	61.70193	17.39579	Hälsingland, Hornslandet	Kristaps Sokolovskis	http://purl.obolibrary.org/obo/ENVO_01000951	Male	Sweden	Lund University
9182	Phylloscopus trochilus	P_trochilus_SI-2304-1755335	P_trochilus_SI-2304-1755335	Blood drawn from living, field caught specimen SI-2304-1755335	Whole blood	Adult	Genetics of bird migration	Kristaps Sokolovskis, Violeta Caballero-Lopéz, Staffan Bensch	2019-06-08	62.96376	14.73313	Jämtland, Kloxåsen	Kristaps Sokolovskis	http://purl.obolibrary.org/obo/ENVO_01000951	Male	Sweden	Lund University
9182	Phylloscopus trochilus	P_trochilus_SI-2304-1755341	P_trochilus_SI-2304-1755341	Blood drawn from living, field caught specimen SI-2304-1755341	Whole blood	Adult	Genetics of bird migration	Kristaps Sokolovskis, Violeta Caballero-Lopéz, Staffan Bensch	2019-06-08	62.97168	14.67536	Jämtland, Kloxåsen	Kristaps Sokolovskis	http://purl.obolibrary.org/obo/ENVO_01000951	Male	Sweden	Lund University
9182	Phylloscopus trochilus	P_trochilus_SI-2304-1755342	P_trochilus_SI-2304-1755342	Blood drawn from living, field caught specimen SI-2304-1755342	Whole blood	Adult	Genetics of bird migration	Kristaps Sokolovskis, Violeta Caballero-Lopéz, Staffan Bensch	2019-06-08	62.96686	14.67675	Jämtland, Kloxåsen	Kristaps Sokolovskis	http://purl.obolibrary.org/obo/ENVO_01000951	Male	Sweden	Lund University
9182	Phylloscopus trochilus	P_trochilus_SI-2304-1755348	P_trochilus_SI-2304-1755348	Blood drawn from living, field caught specimen SI-2304-1755348	Whole blood	Adult	Genetics of bird migration	Kristaps Sokolovskis, Violeta Caballero-Lopéz, Staffan Bensch	2019-06-08	62.98027	14.68033	Jämtland, Kloxåsen	Kristaps Sokolovskis	http://purl.obolibrary.org/obo/ENVO_01000951	Male	Sweden	Lund University
9182	Phylloscopus trochilus	P_trochilus_SI-2304-1755349	P_trochilus_SI-2304-1755349	Blood drawn from living, field caught specimen SI-2304-1755349	Whole blood	Adult	Genetics of bird migration	Kristaps Sokolovskis, Violeta Caballero-Lopéz, Staffan Bensch	2019-06-08	62.9803	14.67743	Jämtland, Kloxåsen	Kristaps Sokolovskis	http://purl.obolibrary.org/obo/ENVO_01000951	Male	Sweden	Lund University
9182	Phylloscopus trochilus	P_trochilus_SI-2304-1755353	P_trochilus_SI-2304-1755353	Blood drawn from living, field caught specimen SI-2304-1755353	Whole blood	Adult	Genetics of bird migration	Kristaps Sokolovskis, Violeta Caballero-Lopéz, Staffan Bensch	2019-06-15	63.42635	14.85122	Jämtland, Norderåsen	Kristaps Sokolovskis	http://purl.obolibrary.org/obo/ENVO_01000951	Male	Sweden	Lund University
9182	Phylloscopus trochilus	P_trochilus_SI-2304-1755354	P_trochilus_SI-2304-1755354	Blood drawn from living, field caught specimen SI-2304-1755354	Whole blood	Adult	Genetics of bird migration	Kristaps Sokolovskis, Violeta Caballero-Lopéz, Staffan Bensch	2019-06-16	63.42849	14.84845	Jämtland, Norderåsen	Kristaps Sokolovskis	http://purl.obolibrary.org/obo/ENVO_01000951	Male	Sweden	Lund University
9182	Phylloscopus trochilus	P_trochilus_SI-2304-1755357	P_trochilus_SI-2304-1755357	Blood drawn from living, field caught specimen SI-2304-1755357	Whole blood	Adult	Genetics of bird migration	Kristaps Sokolovskis, Violeta Caballero-Lopéz, Staffan Bensch	2019-05-27	62.5109	17.44262	Medelpad, Midlanda	Kristaps Sokolovskis	http://purl.obolibrary.org/obo/ENVO_01000951	Male	Sweden	Lund University
9182	Phylloscopus trochilus	P_trochilus_SI-2304-1755366	P_trochilus_SI-2304-1755366	Blood drawn from living, field caught specimen SI-2304-1755366	Whole blood	Adult	Genetics of bird migration	Kristaps Sokolovskis, Violeta Caballero-Lopéz, Staffan Bensch	2019-05-27	62.50849	17.44339	Medelpad, Midlanda	Kristaps Sokolovskis	http://purl.obolibrary.org/obo/ENVO_01000951	Male	Sweden	Lund University
9182	Phylloscopus trochilus	P_trochilus_SI-2304-1755367	P_trochilus_SI-2304-1755367	Blood drawn from living, field caught specimen SI-2304-1755367	Whole blood	Adult	Genetics of bird migration	Kristaps Sokolovskis, Violeta Caballero-Lopéz, Staffan Bensch	2019-06-23	62.50781	17.4411	Medelpad, Midlanda	Kristaps Sokolovskis	http://purl.obolibrary.org/obo/ENVO_01000951	Male	Sweden	Lund University
9182	Phylloscopus trochilus	P_trochilus_SI-2304-1755387	P_trochilus_SI-2304-1755387	Blood drawn from living, field caught specimen SI-2304-1755387	Whole blood	Adult	Genetics of bird migration	Kristaps Sokolovskis, Violeta Caballero-Lopéz, Staffan Bensch	2019-06-10	63.18435	12.37328	Jämtland, Ånn	Kristaps Sokolovskis	http://purl.obolibrary.org/obo/ENVO_01000951	Male	Sweden	Lund University
9182	Phylloscopus trochilus	P_trochilus_SI-2304-1755419	P_trochilus_SI-2304-1755419	Blood drawn from living, field caught specimen SI-2304-1755419	Whole blood	Adult	Genetics of bird migration	Kristaps Sokolovskis, Violeta Caballero-Lopéz, Staffan Bensch	2019-06-12	63.70708	12.36006	Jämtland, Anjan	Kristaps Sokolovskis	http://purl.obolibrary.org/obo/ENVO_01000951	Male	Sweden	Lund University
9182	Phylloscopus trochilus	P_trochilus_SI-2304-1755422	P_trochilus_SI-2304-1755422	Blood drawn from living, field caught specimen SI-2304-1755422	Whole blood	Adult	Genetics of bird migration	Kristaps Sokolovskis, Violeta Caballero-Lopéz, Staffan Bensch	2019-06-12	63.70608	12.35617	Jämtland, Anjan	Kristaps Sokolovskis	http://purl.obolibrary.org/obo/ENVO_01000951	Male	Sweden	Lund University
9182	Phylloscopus trochilus	P_trochilus_SI-2304-1755426	P_trochilus_SI-2304-1755426	Blood drawn from living, field caught specimen SI-2304-1755426	Whole blood	Adult	Genetics of bird migration	Kristaps Sokolovskis, Violeta Caballero-Lopéz, Staffan Bensch	2019-06-18	63.43858	14.82981	Jämtland, Norderåsen	Kristaps Sokolovskis	http://purl.obolibrary.org/obo/ENVO_01000951	Male	Sweden	Lund University
9182	Phylloscopus trochilus	P_trochilus_SI-2304-1755427	P_trochilus_SI-2304-1755427	Blood drawn from living, field caught specimen SI-2304-1755427	Whole blood	Adult	Genetics of bird migration	Kristaps Sokolovskis, Violeta Caballero-Lopéz, Staffan Bensch	2019-06-17	63.43937	14.83079	Jämtland, Norderåsen	Kristaps Sokolovskis	http://purl.obolibrary.org/obo/ENVO_01000951	Male	Sweden	Lund University
9182	Phylloscopus trochilus	P_trochilus_SI-2304-1755432	P_trochilus_SI-2304-1755432	Blood drawn from living, field caught specimen SI-2304-1755432	Whole blood	Adult	Genetics of bird migration	Kristaps Sokolovskis, Violeta Caballero-Lopéz, Staffan Bensch	2019-06-15	63.43097	14.85086	Jämtland, Norderåsen	Kristaps Sokolovskis	http://purl.obolibrary.org/obo/ENVO_01000951	Male	Sweden	Lund University
9182	Phylloscopus trochilus	P_trochilus_SI-2304-1755433	P_trochilus_SI-2304-1755433	Blood drawn from living, field caught specimen SI-2304-1755433	Whole blood	Adult	Genetics of bird migration	Kristaps Sokolovskis, Violeta Caballero-Lopéz, Staffan Bensch	2019-06-18	63.42916	14.89731	Jämtland, Norderåsen	Kristaps Sokolovskis	http://purl.obolibrary.org/obo/ENVO_01000951	Male	Sweden	Lund University
9182	Phylloscopus trochilus	P_trochilus_SI-2304-1755435	P_trochilus_SI-2304-1755435	Blood drawn from living, field caught specimen SI-2304-1755435	Whole blood	Adult	Genetics of bird migration	Kristaps Sokolovskis, Violeta Caballero-Lopéz, Staffan Bensch	2019-06-16	63.45906	14.85284	Jämtland, Norderåsen	Kristaps Sokolovskis	http://purl.obolibrary.org/obo/ENVO_01000951	Male	Sweden	Lund University
9182	Phylloscopus trochilus	P_trochilus_SI-2304-DA94700	P_trochilus_SI-2304-DA94700	Blood drawn from living, field caught specimen SI-2304-DA94700	Whole blood	Adult	Genetics of bird migration	Kristaps Sokolovskis, Violeta Caballero-Lopéz, Staffan Bensch	2019-05-22	61.70182	17.39491	Hälsingland, Hornslandet	Kristaps Sokolovskis	http://purl.obolibrary.org/obo/ENVO_01000951	Male	Sweden	Lund University
9182	Phylloscopus trochilus	P_trochilus_SI-2304-DA94725	P_trochilus_SI-2304-DA94725	Blood drawn from living, field caught specimen SI-2304-DA94725	Whole blood	Adult	Genetics of bird migration	Kristaps Sokolovskis, Violeta Caballero-Lopéz, Staffan Bensch	2019-05-21	61.87397	17.30109	Hälsingland, Strömsbruk	Kristaps Sokolovskis	http://purl.obolibrary.org/obo/ENVO_01000951	Male	Sweden	Lund University
9182	Phylloscopus trochilus	P_trochilus_SI-2304-DA94732	P_trochilus_SI-2304-DA94732	Blood drawn from living, field caught specimen SI-2304-DA94732	Whole blood	Adult	Genetics of bird migration	Kristaps Sokolovskis, Violeta Caballero-Lopéz, Staffan Bensch	2019-05-28	62.09658	17.43535	Hälsingland, Gnarp	Kristaps Sokolovskis	http://purl.obolibrary.org/obo/ENVO_01000951	Male	Sweden	Lund University
9182	Phylloscopus trochilus	P_trochilus_SI-2304-DA94737	P_trochilus_SI-2304-DA94737	Blood drawn from living, field caught specimen SI-2304-DA94737	Whole blood	Adult	Genetics of bird migration	Kristaps Sokolovskis, Violeta Caballero-Lopéz, Staffan Bensch	2019-05-25	62.0954	17.43912	Hälsingland, Gnarp	Kristaps Sokolovskis	http://purl.obolibrary.org/obo/ENVO_01000951	Male	Sweden	Lund University
9182	Phylloscopus trochilus	P_trochilus_SI-2304-DA94751	P_trochilus_SI-2304-DA94751	Blood drawn from living, field caught specimen SI-2304-DA94751	Whole blood	Adult	Genetics of bird migration	Kristaps Sokolovskis, Violeta Caballero-Lopéz, Staffan Bensch	2019-06-20	62.08331	17.42826	Hälsingland, Gnarp	Kristaps Sokolovskis	http://purl.obolibrary.org/obo/ENVO_01000951	Male	Sweden	Lund University
9182	Phylloscopus trochilus	P_trochilus_SI-2304-DA94760	P_trochilus_SI-2304-DA94760	Blood drawn from living, field caught specimen SI-2304-DA94760	Whole blood	Adult	Genetics of bird migration	Kristaps Sokolovskis, Violeta Caballero-Lopéz, Staffan Bensch	2019-05-28	62.033	14.41329	Härjedalen, Sveg	Kristaps Sokolovskis	http://purl.obolibrary.org/obo/ENVO_01000951	Male	Sweden	Lund University
9182	Phylloscopus trochilus	P_trochilus_SI-2304-DA94774	P_trochilus_SI-2304-DA94774	Blood drawn from living, field caught specimen SI-2304-DA94774	Whole blood	Adult	Genetics of bird migration	Kristaps Sokolovskis, Violeta Caballero-Lopéz, Staffan Bensch	2019-05-28	62.033	14.41903	Härjedalen, Sveg	Kristaps Sokolovskis	http://purl.obolibrary.org/obo/ENVO_01000951	Male	Sweden	Lund University
9182	Phylloscopus trochilus	P_trochilus_SI-2304-DA94776	P_trochilus_SI-2304-DA94776	Blood drawn from living, field caught specimen SI-2304-DA94776	Whole blood	Adult	Genetics of bird migration	Kristaps Sokolovskis, Violeta Caballero-Lopéz, Staffan Bensch	2019-05-28	62.03557	14.41274	Härjedalen, Sveg	Kristaps Sokolovskis	http://purl.obolibrary.org/obo/ENVO_01000951	Male	Sweden	Lund University
9182	Phylloscopus trochilus	P_trochilus_SI-2304-DA94786	P_trochilus_SI-2304-DA94786	Blood drawn from living, field caught specimen SI-2304-DA94786	Whole blood	Adult	Genetics of bird migration	Kristaps Sokolovskis, Violeta Caballero-Lopéz, Staffan Bensch	2019-06-04	62.47337	14.01134	Härjedalen, Vemdalsskalet	Kristaps Sokolovskis	http://purl.obolibrary.org/obo/ENVO_01000951	Male	Sweden	Lund University
9182	Phylloscopus trochilus	P_trochilus_SI-2304-DA94796	P_trochilus_SI-2304-DA94796	Blood drawn from living, field caught specimen SI-2304-DA94796	Whole blood	Adult	Genetics of bird migration	Kristaps Sokolovskis, Violeta Caballero-Lopéz, Staffan Bensch	2019-06-02	62.47664	14.00154	Härjedalen, Vemdalsskalet	Kristaps Sokolovskis	http://purl.obolibrary.org/obo/ENVO_01000951	Male	Sweden	Lund University
9182	Phylloscopus trochilus	P_trochilus_SI-2304-DA94804	P_trochilus_SI-2304-DA94804	Blood drawn from living, field caught specimen SI-2304-DA94804	Whole blood	Adult	Genetics of bird migration	Kristaps Sokolovskis, Violeta Caballero-Lopéz, Staffan Bensch	2019-06-12	65.66575	22.07758	Norrbotten, Rutvik	Kristaps Sokolovskis	http://purl.obolibrary.org/obo/ENVO_01000951	Male	Sweden	Lund University
9182	Phylloscopus trochilus	P_trochilus_SI-2304-DA94831	P_trochilus_SI-2304-DA94831	Blood drawn from living, field caught specimen SI-2304-DA94831	Whole blood	Adult	Genetics of bird migration	Kristaps Sokolovskis, Violeta Caballero-Lopéz, Staffan Bensch	2019-06-15	66.09843	22.78645	Norrbotten, Övermojärv	Kristaps Sokolovskis	http://purl.obolibrary.org/obo/ENVO_01000951	Male	Sweden	Lund University
9182	Phylloscopus trochilus	P_trochilus_SI-2304-DA94832	P_trochilus_SI-2304-DA94832	Blood drawn from living, field caught specimen SI-2304-DA94832	Whole blood	Adult	Genetics of bird migration	Kristaps Sokolovskis, Violeta Caballero-Lopéz, Staffan Bensch	2019-06-15	66.09806	22.78569	Norrbotten, Övermojärv	Kristaps Sokolovskis	http://purl.obolibrary.org/obo/ENVO_01000951	Male	Sweden	Lund University
9182	Phylloscopus trochilus	P_trochilus_UJ-3101-DD81099	P_trochilus_UJ-3101-DD81099	Blood drawn from living, field caught specimen UJ-3101-DD81099	Whole blood	Adult	Genetics of bird migration	Kristaps Sokolovskis, Violeta Caballero-Lopéz, Staffan Bensch	2021-05-22	63.44385	14.834383	Jämtland, Norderåsen	Kristaps Sokolovskis	http://purl.obolibrary.org/obo/ENVO_01000951	Male	Sweden	Lund University
9182	Phylloscopus trochilus	P_trochilus_UJ-3101-DD81206	P_trochilus_UJ-3101-DD81206	Blood drawn from living, field caught specimen UJ-3101-DD81206	Whole blood	Adult	Genetics of bird migration	Kristaps Sokolovskis, Violeta Caballero-Lopéz, Staffan Bensch	2021-05-22	63.426795	14.848628	Jämtland, Norderåsen	Kristaps Sokolovskis	http://purl.obolibrary.org/obo/ENVO_01000951	Male	Sweden	Lund University
9182	Phylloscopus trochilus	P_trochilus_UJ-3101-DD81258	P_trochilus_UJ-3101-DD81258	Blood drawn from living, field caught specimen UJ-3101-DD81258	Whole blood	Adult	Genetics of bird migration	Kristaps Sokolovskis, Violeta Caballero-Lopéz, Staffan Bensch	2021-05-24	63.48071	14.884001	Jämtland, Norderåsen N	Kristaps Sokolovskis	http://purl.obolibrary.org/obo/ENVO_01000951	Male	Sweden	Lund University
9182	Phylloscopus trochilus	P_trochilus_UJ-3101-DD81266	P_trochilus_UJ-3101-DD81266	Blood drawn from living, field caught specimen UJ-3101-DD81266	Whole blood	Adult	Genetics of bird migration	Kristaps Sokolovskis, Violeta Caballero-Lopéz, Staffan Bensch	2021-05-25	63.394189	14.849295	Jämtland, Grötom	Kristaps Sokolovskis	http://purl.obolibrary.org/obo/ENVO_01000951	Male	Sweden	Lund University
9182	Phylloscopus trochilus	P_trochilus_UJ-3101-DD81269	P_trochilus_UJ-3101-DD81269	Blood drawn from living, field caught specimen UJ-3101-DD81269	Whole blood	Adult	Genetics of bird migration	Kristaps Sokolovskis, Violeta Caballero-Lopéz, Staffan Bensch	2021-06-10	63.39778	14.849195	Jämtland, Grötom C	Kristaps Sokolovskis	http://purl.obolibrary.org/obo/ENVO_01000951	Male	Sweden	Lund University
9182	Phylloscopus trochilus	P_trochilus_UJ-3101-DD81271	P_trochilus_UJ-3101-DD81271	Blood drawn from living, field caught specimen UJ-3101-DD81271	Whole blood	Adult	Genetics of bird migration	Kristaps Sokolovskis, Violeta Caballero-Lopéz, Staffan Bensch	2021-05-25	63.397699	14.850635	Jämtland, Grötom	Kristaps Sokolovskis	http://purl.obolibrary.org/obo/ENVO_01000951	Male	Sweden	Lund University
9182	Phylloscopus trochilus	P_trochilus_UJ-3101-DD81281	P_trochilus_UJ-3101-DD81281	Blood drawn from living, field caught specimen UJ-3101-DD81281	Whole blood	Adult	Genetics of bird migration	Kristaps Sokolovskis, Violeta Caballero-Lopéz, Staffan Bensch	2021-05-26	63.394803	14.833378	Jämtland, Grötom	Kristaps Sokolovskis	http://purl.obolibrary.org/obo/ENVO_01000951	Male	Sweden	Lund University
9182	Phylloscopus trochilus	P_trochilus_UJ-3101-DD81283	P_trochilus_UJ-3101-DD81283	Blood drawn from living, field caught specimen UJ-3101-DD81283	Whole blood	Adult	Genetics of bird migration	Kristaps Sokolovskis, Violeta Caballero-Lopéz, Staffan Bensch	2021-05-25	63.41326	14.812569	Jämtland, Grötom N	Kristaps Sokolovskis	http://purl.obolibrary.org/obo/ENVO_01000951	Male	Sweden	Lund University
9182	Phylloscopus trochilus	P_trochilus_UJ-3101-DD81284	P_trochilus_UJ-3101-DD81284	Blood drawn from living, field caught specimen UJ-3101-DD81284	Whole blood	Adult	Genetics of bird migration	Kristaps Sokolovskis, Violeta Caballero-Lopéz, Staffan Bensch	2021-05-26	63.412743	14.826558	Jämtland, Grötom N	Kristaps Sokolovskis	http://purl.obolibrary.org/obo/ENVO_01000951	Male	Sweden	Lund University
9182	Phylloscopus trochilus	P_trochilus_UJ-3101-DD81286	P_trochilus_UJ-3101-DD81286	Blood drawn from living, field caught specimen UJ-3101-DD81286	Whole blood	Adult	Genetics of bird migration	Kristaps Sokolovskis, Violeta Caballero-Lopéz, Staffan Bensch	2021-05-25	63.414046	14.815327	Jämtland, Grötom N	Kristaps Sokolovskis	http://purl.obolibrary.org/obo/ENVO_01000951	Male	Sweden	Lund University
9182	Phylloscopus trochilus	P_trochilus_UJ-3101-DD81289	P_trochilus_UJ-3101-DD81289	Blood drawn from living, field caught specimen UJ-3101-DD81289	Whole blood	Adult	Genetics of bird migration	Kristaps Sokolovskis, Violeta Caballero-Lopéz, Staffan Bensch	2021-06-11	63.414438	14.813218	Jämtland, Grötom N	Kristaps Sokolovskis	http://purl.obolibrary.org/obo/ENVO_01000951	Male	Sweden	Lund University
9182	Phylloscopus trochilus	P_trochilus_UJ-3101-DD81401	P_trochilus_UJ-3101-DD81401	Blood drawn from living, field caught specimen UJ-3101-DD81401	Whole blood	Adult	Genetics of bird migration	Kristaps Sokolovskis, Violeta Caballero-Lopéz, Staffan Bensch	2021-05-21	63.407926	14.822489	Jämtland, Grötom N	Kristaps Sokolovskis	http://purl.obolibrary.org/obo/ENVO_01000951	Male	Sweden	Lund University
9182	Phylloscopus trochilus	P_trochilus_UJ-3101-DD81402	P_trochilus_UJ-3101-DD81402	Blood drawn from living, field caught specimen UJ-3101-DD81402	Whole blood	Adult	Genetics of bird migration	Kristaps Sokolovskis, Violeta Caballero-Lopéz, Staffan Bensch	2021-05-25	63.399938	14.858515	Jämtland, Grötom	Kristaps Sokolovskis	http://purl.obolibrary.org/obo/ENVO_01000951	Male	Sweden	Lund University
9182	Phylloscopus trochilus	P_trochilus_UJ-3101-DD81412	P_trochilus_UJ-3101-DD81412	Blood drawn from living, field caught specimen UJ-3101-DD81412	Whole blood	Adult	Genetics of bird migration	Kristaps Sokolovskis, Violeta Caballero-Lopéz, Staffan Bensch	2021-06-10	63.484371	14.883491	Jämtland, Norderåsen	Kristaps Sokolovskis	http://purl.obolibrary.org/obo/ENVO_01000951	Male	Sweden	Lund University
9182	Phylloscopus trochilus	P_trochilus_UJ-3101-DD81414	P_trochilus_UJ-3101-DD81414	Blood drawn from living, field caught specimen UJ-3101-DD81414	Whole blood	Adult	Genetics of bird migration	Kristaps Sokolovskis, Violeta Caballero-Lopéz, Staffan Bensch	2021-05-24	63.479695	14.88248	Jämtland, Norderåsen N	Kristaps Sokolovskis	http://purl.obolibrary.org/obo/ENVO_01000951	Male	Sweden	Lund University
9182	Phylloscopus trochilus	P_trochilus_UJ-3101-DD81419	P_trochilus_UJ-3101-DD81419	Blood drawn from living, field caught specimen UJ-3101-DD81419	Whole blood	Adult	Genetics of bird migration	Kristaps Sokolovskis, Violeta Caballero-Lopéz, Staffan Bensch	2021-05-24	63.483519	14.885812	Jämtland, Norderåsen N	Kristaps Sokolovskis	http://purl.obolibrary.org/obo/ENVO_01000951	Male	Sweden	Lund University
9182	Phylloscopus trochilus	P_trochilus_WJ-3825-LH10458	P_trochilus_WJ-3825-LH10458	Blood drawn from living, field caught specimen WJ-3825-LH10458	Whole blood	Adult	Genetics of bird migration	Kristaps Sokolovskis, Violeta Caballero-Lopéz, Staffan Bensch	2023-05-09	52.696115	23.45427	Warsaw, Dubicze	Kristaps Sokolovskis	http://purl.obolibrary.org/obo/ENVO_01000951	Male	Poland	Lund University
9182	Phylloscopus trochilus	P_trochilus_WJ-3825-LH10464	P_trochilus_WJ-3825-LH10464	Blood drawn from living, field caught specimen WJ-3825-LH10464	Whole blood	Adult	Genetics of bird migration	Kristaps Sokolovskis, Violeta Caballero-Lopéz, Staffan Bensch	2023-05-09	52.688286	23.452243	Warsaw, Dubicze	Kristaps Sokolovskis	http://purl.obolibrary.org/obo/ENVO_01000951	Male	Poland	Lund University
9182	Phylloscopus trochilus	P_trochilus_WJ-3825-LH10466	P_trochilus_WJ-3825-LH10466	Blood drawn from living, field caught specimen WJ-3825-LH10466	Whole blood	Adult	Genetics of bird migration	Kristaps Sokolovskis, Violeta Caballero-Lopéz, Staffan Bensch	2023-05-09	52.69073	23.45423	Warsaw, Dubicze	Kristaps Sokolovskis	http://purl.obolibrary.org/obo/ENVO_01000951	Male	Poland	Lund University
9182	Phylloscopus trochilus	P_trochilus_WJ-3825-LH10477	P_trochilus_WJ-3825-LH10477	Blood drawn from living, field caught specimen WJ-3825-LH10477	Whole blood	Adult	Genetics of bird migration	Kristaps Sokolovskis, Violeta Caballero-Lopéz, Staffan Bensch	2023-05-10	52.675215	23.431636	Warsaw, Dubicze	Kristaps Sokolovskis	http://purl.obolibrary.org/obo/ENVO_01000951	Male	Poland	Lund University
9182	Phylloscopus trochilus	P_trochilus_WJ-3825-LH10483	P_trochilus_WJ-3825-LH10483	Blood drawn from living, field caught specimen WJ-3825-LH10483	Whole blood	Adult	Genetics of bird migration	Kristaps Sokolovskis, Violeta Caballero-Lopéz, Staffan Bensch	2023-05-10	52.678579	23.439778	Warsaw, Dubicze	Kristaps Sokolovskis	http://purl.obolibrary.org/obo/ENVO_01000951	Male	Poland	Lund University
9182	Phylloscopus trochilus	P_trochilus_WJ-3825-LH10491	P_trochilus_WJ-3825-LH10491	Blood drawn from living, field caught specimen WJ-3825-LH10491	Whole blood	Adult	Genetics of bird migration	Kristaps Sokolovskis, Violeta Caballero-Lopéz, Staffan Bensch	2023-05-10	52.674488	23.431106	Warsaw, Dubicze	Kristaps Sokolovskis	http://purl.obolibrary.org/obo/ENVO_01000951	Male	Poland	Lund University
9182	Phylloscopus trochilus	P_trochilus_WJ-3825-LH10492	P_trochilus_WJ-3825-LH10492	Blood drawn from living, field caught specimen WJ-3825-LH10492	Whole blood	Adult	Genetics of bird migration	Kristaps Sokolovskis, Violeta Caballero-Lopéz, Staffan Bensch	2023-05-10	52.672213	23.439631	Warsaw, Dubicze	Kristaps Sokolovskis	http://purl.obolibrary.org/obo/ENVO_01000951	Male	Poland	Lund University
9182	Phylloscopus trochilus	P_trochilus_WJ-3825-LH10494	P_trochilus_WJ-3825-LH10494	Blood drawn from living, field caught specimen WJ-3825-LH10494	Whole blood	Adult	Genetics of bird migration	Kristaps Sokolovskis, Violeta Caballero-Lopéz, Staffan Bensch	2023-05-10	52.67517	23.430819	Warsaw, Dubicze	Kristaps Sokolovskis	http://purl.obolibrary.org/obo/ENVO_01000951	Male	Poland	Lund University
9182	Phylloscopus trochilus	P_trochilus_WJ-3825-LH10499	P_trochilus_WJ-3825-LH10499	Blood drawn from living, field caught specimen WJ-3825-LH10499	Whole blood	Adult	Genetics of bird migration	Kristaps Sokolovskis, Violeta Caballero-Lopéz, Staffan Bensch	2023-05-14	53.815936	21.872143	Warmia-Masuria, Gora	Kristaps Sokolovskis	http://purl.obolibrary.org/obo/ENVO_01000951	Male	Poland	Lund University
9182	Phylloscopus trochilus	P_trochilus_WJ-3825-LJ34501	P_trochilus_WJ-3825-LJ34501	Blood drawn from living, field caught specimen WJ-3825-LJ34501	Whole blood	Adult	Genetics of bird migration	Kristaps Sokolovskis, Violeta Caballero-Lopéz, Staffan Bensch	2023-05-14	53.815763	21.871001	Warmia-Masuria, Gora	Kristaps Sokolovskis	http://purl.obolibrary.org/obo/ENVO_01000951	Male	Poland	Lund University
9182	Phylloscopus trochilus	P_trochilus_WJ-3825-LJ34506	P_trochilus_WJ-3825-LJ34506	Blood drawn from living, field caught specimen WJ-3825-LJ34506	Whole blood	Adult	Genetics of bird migration	Kristaps Sokolovskis, Violeta Caballero-Lopéz, Staffan Bensch	2023-05-15	53.812603	21.871925	Warmia-Masuria, Gora	Kristaps Sokolovskis	http://purl.obolibrary.org/obo/ENVO_01000951	Male	Poland	Lund University
9182	Phylloscopus trochilus	P_trochilus_WJ-3825-LJ34507	P_trochilus_WJ-3825-LJ34507	Blood drawn from living, field caught specimen WJ-3825-LJ34507	Whole blood	Adult	Genetics of bird migration	Kristaps Sokolovskis, Violeta Caballero-Lopéz, Staffan Bensch	2023-05-15	53.812138	21.872594	Warmia-Masuria, Gora	Kristaps Sokolovskis	http://purl.obolibrary.org/obo/ENVO_01000951	Male	Poland	Lund University
9182	Phylloscopus trochilus	P_trochilus_WJ-3825-LJ34508	P_trochilus_WJ-3825-LJ34508	Blood drawn from living, field caught specimen WJ-3825-LJ34508	Whole blood	Adult	Genetics of bird migration	Kristaps Sokolovskis, Violeta Caballero-Lopéz, Staffan Bensch	2023-05-15	53.812889	21.873081	Warmia-Masuria, Gora	Kristaps Sokolovskis	http://purl.obolibrary.org/obo/ENVO_01000951	Male	Poland	Lund University
9182	Phylloscopus trochilus	P_trochilus_WJ-3825-LJ34514	P_trochilus_WJ-3825-LJ34514	Blood drawn from living, field caught specimen WJ-3825-LJ34514	Whole blood	Adult	Genetics of bird migration	Kristaps Sokolovskis, Violeta Caballero-Lopéz, Staffan Bensch	2023-05-15	53.816721	21.870861	Warmia-Masuria, Gora	Kristaps Sokolovskis	http://purl.obolibrary.org/obo/ENVO_01000951	Male	Poland	Lund University
9182	Phylloscopus trochilus	P_trochilus_WJ-3825-LJ34525	P_trochilus_WJ-3825-LJ34525	Blood drawn from living, field caught specimen WJ-3825-LJ34525	Whole blood	Adult	Genetics of bird migration	Kristaps Sokolovskis, Violeta Caballero-Lopéz, Staffan Bensch	2023-05-16	53.80344	21.8766	Warmia-Masuria, Gora	Kristaps Sokolovskis	http://purl.obolibrary.org/obo/ENVO_01000951	Male	Poland	Lund University
9182	Phylloscopus trochilus	P_trochilus_WJ-3825-VF9738	P_trochilus_WJ-3825-VF9738	Blood drawn from living, field caught specimen WJ-3825-VF9738	Whole blood	Adult	Genetics of bird migration	Staffan Bensch	2002-06-08	54.5833333	25.1666667	Vilnius, Voke	Staffan Bensch	http://purl.obolibrary.org/obo/ENVO_01000951	Male	Lithuania	Lund University
9182	Phylloscopus trochilus	P_trochilus_WJ-3825-VF9741	P_trochilus_WJ-3825-VF9741	Blood drawn from living, field caught specimen WJ-3825-VF9741	Whole blood	Adult	Genetics of bird migration	Staffan Bensch	2002-06-08	54.5833333	25.1666667	Vilnius, Voke	Staffan Bensch	http://purl.obolibrary.org/obo/ENVO_01000951	Male	Lithuania	Lund University
9182	Phylloscopus trochilus	P_trochilus_WJ-3825-VF9742	P_trochilus_WJ-3825-VF9742	Blood drawn from living, field caught specimen WJ-3825-VF9742	Whole blood	Adult	Genetics of bird migration	Staffan Bensch	2002-06-08	54.5833333	25.1666667	Vilnius, Voke	Staffan Bensch	http://purl.obolibrary.org/obo/ENVO_01000951	Male	Lithuania	Lund University
9182	Phylloscopus trochilus	P_trochilus_WJ-3825-VP17907	P_trochilus_WJ-3825-VP17907	Blood drawn from living, field caught specimen WJ-3825-VP17907	Whole blood	Adult	Genetics of bird migration	Kristaps Sokolovskis	2016-06-26	68.78	170.65	Chukotka, Ayopechan	Kristaps Sokolovskis	http://purl.obolibrary.org/obo/ENVO_01000951	Male	Russia	Lund University
9182	Phylloscopus trochilus	P_trochilus_WJ-3825-VP17908	P_trochilus_WJ-3825-VP17908	Blood drawn from living, field caught specimen WJ-3825-VP17908	Whole blood	Adult	Genetics of bird migration	Kristaps Sokolovskis	2016-06-26	68.78	170.65	Chukotka, Ayopechan	Kristaps Sokolovskis	http://purl.obolibrary.org/obo/ENVO_01000951	Male	Russia	Lund University
9182	Phylloscopus trochilus	P_trochilus_WJ-3825-XT48008	P_trochilus_WJ-3825-XT48008	Blood drawn from living, field caught specimen WJ-3825-XT48008	Whole blood	Adult	Genetics of bird migration	Violeta Caballero-Lopéz	2023-05-26	55.432139	21.372203	Klaipeda, Alka	Violeta Caballero-Lopéz	http://purl.obolibrary.org/obo/ENVO_01000951	Male	Lithuania	Lund University
9182	Phylloscopus trochilus	P_trochilus_WJ-3825-XT48012	P_trochilus_WJ-3825-XT48012	Blood drawn from living, field caught specimen WJ-3825-XT48012	Whole blood	Adult	Genetics of bird migration	Violeta Caballero-Lopéz	2023-05-27	55.432573	21.355639	Klaipeda, Alka	Violeta Caballero-Lopéz	http://purl.obolibrary.org/obo/ENVO_01000951	Male	Lithuania	Lund University
9182	Phylloscopus trochilus	P_trochilus_WJ-3825-XT48017	P_trochilus_WJ-3825-XT48017	Blood drawn from living, field caught specimen WJ-3825-XT48017	Whole blood	Adult	Genetics of bird migration	Violeta Caballero-Lopéz	2023-05-26	55.432461	21.372128	Klaipeda, Alka	Violeta Caballero-Lopéz	http://purl.obolibrary.org/obo/ENVO_01000951	Male	Lithuania	Lund University
9182	Phylloscopus trochilus	P_trochilus_WJ-3825-XT48018	P_trochilus_WJ-3825-XT48018	Blood drawn from living, field caught specimen WJ-3825-XT48018	Whole blood	Adult	Genetics of bird migration	Violeta Caballero-Lopéz	2023-05-27	55.427398	21.360201	Klaipeda, Alka	Violeta Caballero-Lopéz	http://purl.obolibrary.org/obo/ENVO_01000951	Male	Lithuania	Lund University
9182	Phylloscopus trochilus	P_trochilus_WJ-3825-XT48021	P_trochilus_WJ-3825-XT48021	Blood drawn from living, field caught specimen WJ-3825-XT48021	Whole blood	Adult	Genetics of bird migration	Violeta Caballero-Lopéz	2023-05-27	55.428768	21.361379	Klaipeda, Alka	Violeta Caballero-Lopéz	http://purl.obolibrary.org/obo/ENVO_01000951	Male	Lithuania	Lund University
9182	Phylloscopus trochilus	P_trochilus_WJ-3825-XT48034	P_trochilus_WJ-3825-XT48034	Blood drawn from living, field caught specimen WJ-3825-XT48034	Whole blood	Adult	Genetics of bird migration	Violeta Caballero-Lopéz	2023-05-30	55.224387	22.474364	Taurage, Gaure	Violeta Caballero-Lopéz	http://purl.obolibrary.org/obo/ENVO_01000951	Male	Lithuania	Lund University
9182	Phylloscopus trochilus	P_trochilus_WJ-3825-XT48043	P_trochilus_WJ-3825-XT48043	Blood drawn from living, field caught specimen WJ-3825-XT48043	Whole blood	Adult	Genetics of bird migration	Violeta Caballero-Lopéz	2023-05-30	55.214874	22.481769	Taurage, Gaure	Violeta Caballero-Lopéz	http://purl.obolibrary.org/obo/ENVO_01000951	Male	Lithuania	Lund University
9182	Phylloscopus trochilus	P_trochilus_WJ-3825-XT48059	P_trochilus_WJ-3825-XT48059	Blood drawn from living, field caught specimen WJ-3825-XT48059	Whole blood	Adult	Genetics of bird migration	Violeta Caballero-Lopéz	2023-06-01	55.069936	23.70989	Kaunas, Godenai	Violeta Caballero-Lopéz	http://purl.obolibrary.org/obo/ENVO_01000951	Male	Lithuania	Lund University
9182	Phylloscopus trochilus	P_trochilus_WJ-3825-XT48061	P_trochilus_WJ-3825-XT48061	Blood drawn from living, field caught specimen WJ-3825-XT48061	Whole blood	Adult	Genetics of bird migration	Violeta Caballero-Lopéz	2023-06-01	55.067405	23.740934	Kaunas, Godenai	Violeta Caballero-Lopéz	http://purl.obolibrary.org/obo/ENVO_01000951	Male	Lithuania	Lund University
9182	Phylloscopus trochilus	P_trochilus_WJ-3825-XT48066	P_trochilus_WJ-3825-XT48066	Blood drawn from living, field caught specimen WJ-3825-XT48066	Whole blood	Adult	Genetics of bird migration	Violeta Caballero-Lopéz	2023-06-01	55.080167	23.627828	Kaunas, Godenai	Violeta Caballero-Lopéz	http://purl.obolibrary.org/obo/ENVO_01000951	Male	Lithuania	Lund University
9182	Phylloscopus trochilus	P_trochilus_XI-4094-F90084	P_trochilus_XI-4094-F90084	Blood drawn from living, field caught specimen XI-4094-F90084	Whole blood	Adult	Genetics of bird migration	Kristaps Sokolovskis	2024-05-17	60.14014	19.91442	Åland, Sviby	Kristaps Sokolovskis	http://purl.obolibrary.org/obo/ENVO_01000951	Male	Finland	Lund University
9182	Phylloscopus trochilus	P_trochilus_XI-4094-F90087	P_trochilus_XI-4094-F90087	Blood drawn from living, field caught specimen XI-4094-F90087	Whole blood	Adult	Genetics of bird migration	Kristaps Sokolovskis	2024-05-17	60.14276	19.91311	Åland, Sviby	Kristaps Sokolovskis	http://purl.obolibrary.org/obo/ENVO_01000951	Male	Finland	Lund University
9182	Phylloscopus trochilus	P_trochilus_XI-4094-F90094	P_trochilus_XI-4094-F90094	Blood drawn from living, field caught specimen XI-4094-F90094	Whole blood	Adult	Genetics of bird migration	Kristaps Sokolovskis	2024-05-17	60.13854	19.91285	Åland, Sviby	Kristaps Sokolovskis	http://purl.obolibrary.org/obo/ENVO_01000951	Male	Finland	Lund University
9182	Phylloscopus trochilus	P_trochilus_XI-4094-F90095	P_trochilus_XI-4094-F90095	Blood drawn from living, field caught specimen XI-4094-F90095	Whole blood	Adult	Genetics of bird migration	Kristaps Sokolovskis	2024-05-17	60.21698	19.92824	Åland, Stornäs	Kristaps Sokolovskis	http://purl.obolibrary.org/obo/ENVO_01000951	Male	Finland	Lund University
9182	Phylloscopus trochilus	P_trochilus_XI-4094-F90098	P_trochilus_XI-4094-F90098	Blood drawn from living, field caught specimen XI-4094-F90098	Whole blood	Adult	Genetics of bird migration	Kristaps Sokolovskis	2024-05-17	60.2137	19.90899	Åland, Stornäs	Kristaps Sokolovskis	http://purl.obolibrary.org/obo/ENVO_01000951	Male	Finland	Lund University
9182	Phylloscopus trochilus	P_trochilus_XI-4094-R392504	P_trochilus_XI-4094-R392504	Blood drawn from living, field caught specimen XI-4094-R392504	Whole blood	Adult	Genetics of bird migration	Kristaps Sokolovskis	2024-05-18	60.1261	19.78943	Åland, Gottby	Kristaps Sokolovskis	http://purl.obolibrary.org/obo/ENVO_01000951	Male	Finland	Lund University
9182	Phylloscopus trochilus	P_trochilus_XI-4094-R392506	P_trochilus_XI-4094-R392506	Blood drawn from living, field caught specimen XI-4094-R392506	Whole blood	Adult	Genetics of bird migration	Kristaps Sokolovskis	2024-05-18	60.12468	19.78966	Åland, Gottby	Kristaps Sokolovskis	http://purl.obolibrary.org/obo/ENVO_01000951	Male	Finland	Lund University
9182	Phylloscopus trochilus	P_trochilus_XI-4094-R392514	P_trochilus_XI-4094-R392514	Blood drawn from living, field caught specimen XI-4094-R392514	Whole blood	Adult	Genetics of bird migration	Kristaps Sokolovskis	2024-05-18	60.1239	19.79822	Åland, Gottby	Kristaps Sokolovskis	http://purl.obolibrary.org/obo/ENVO_01000951	Male	Finland	Lund University
9182	Phylloscopus trochilus	P_trochilus_XI-4094-R392522	P_trochilus_XI-4094-R392522	Blood drawn from living, field caught specimen XI-4094-R392522	Whole blood	Adult	Genetics of bird migration	Kristaps Sokolovskis	2024-05-18	60.12287	19.79526	Åland, Gottby	Kristaps Sokolovskis	http://purl.obolibrary.org/obo/ENVO_01000951	Male	Finland	Lund University
9182	Phylloscopus trochilus	P_trochilus_XI-4094-R392524	P_trochilus_XI-4094-R392524	Blood drawn from living, field caught specimen XI-4094-R392524	Whole blood	Adult	Genetics of bird migration	Kristaps Sokolovskis	2024-05-19	60.12341	19.79565	Åland, Gottby	Kristaps Sokolovskis	http://purl.obolibrary.org/obo/ENVO_01000951	Male	Finland	Lund University
144762	Phylloscopus trochiloides viridanus	P_trochiloides_viridanus_XT48080	P_trochiloides_viridanus_XT48080	Blood drawn from living, field caught specimen XT48080	Whole blood	Adult	Genetics of bird migration	Kristaps Sokolovskis	2022-06-17	55.534149	21.116869	Klaipeda, Joudkrante	Kristaps Sokolovskis	http://purl.obolibrary.org/obo/ENVO_01000951	Male	Lithuania	Lund University